gsm	title	expname	strainid	genotype	platform	instrument	file
GSM5417602	Cup9_rpt1	Cup9	YTG44	BY4741 CUP9::Cup9-Mnase	GPL27812	Illumina NovaSeq 6000	GSM5417602_Cup9_rpt1.out.txt.gz
GSM5417603	Skn7_rpt1	Skn7	YTG42	BY4741 SKN7::Skn7-Mnase	GPL27812	Illumina NovaSeq 6000	GSM5417603_Skn7_rpt1.out.txt.gz
GSM5417604	Hms2_rpt1	Hms2	YTG43	BY4741 HMS2::Hms2-Mnase	GPL27812	Illumina NovaSeq 6000	GSM5417604_Hms2_rpt1.out.txt.gz
GSM5417605	Cup9_rpt2	Cup9	YTG44	BY4741 CUP9::Cup9-Mnase	GPL27812	Illumina NovaSeq 6000	GSM5417605_Cup9_rpt2.out.txt.gz
GSM5417606	Skn7_rpt2	Skn7	YTG42	BY4741 SKN7::Skn7-Mnase	GPL27812	Illumina NovaSeq 6000	GSM5417606_Skn7_rpt2.out.txt.gz
GSM5417607	Hms2_rpt2	Hms2	YTG43	BY4741 HMS2::Hms2-Mnase	GPL27812	Illumina NovaSeq 6000	GSM5417607_Hms2_rpt2.out.txt.gz
GSM5417608	Hms2_rpt3	Hms2	YTG43	BY4741 HMS2::Hms2-Mnase	GPL27812	Illumina NovaSeq 6000	GSM5417608_Hms2_rpt3.out.txt.gz
GSM5417609	Dot6_rpt1	Dot6	YTG36	BY4741 DOT6::Dot6-Mnase	GPL27812	Illumina NovaSeq 6000	GSM5417609_Dot6_rpt1.out.txt.gz
GSM5417610	Sok2_rpt1	Sok2	YTG35	BY4741 SOK2::Sok2-Mnase	GPL27812	Illumina NovaSeq 6000	GSM5417610_Sok2_rpt1.out.txt.gz
GSM5417611	Smp1_rpt1	Smp1	YTG46	BY4741 SMP1::Smp1-Mnase	GPL27812	Illumina NovaSeq 6000	GSM5417611_Smp1_rpt1.out.txt.gz
GSM5417612	Rlm1_rpt1	Rlm1	YTG47	BY4741 RLM1::Rlm1-Mnase	GPL27812	Illumina NovaSeq 6000	GSM5417612_Rlm1_rpt1.out.txt.gz
GSM5417613	Dot6_rpt2	Dot6	YTG36	BY4741 DOT6::Dot6-Mnase	GPL27812	Illumina NovaSeq 6000	GSM5417613_Dot6_rpt2.out.txt.gz
GSM5417614	Sok2_rpt2	Sok2	YTG35	BY4741 SOK2::Sok2-Mnase	GPL27812	Illumina NovaSeq 6000	GSM5417614_Sok2_rpt2.out.txt.gz
GSM5417615	Rlm1_rpt2	Rlm1	YTG47	BY4741 RLM1::Rlm1-Mnase	GPL27812	Illumina NovaSeq 6000	GSM5417615_Rlm1_rpt2.out.txt.gz
GSM5417616	Gzf3_rpt1	Gzf3	YTG40	BY4741 GZF3::Gzf3-Mnase	GPL19756	NextSeq 500	GSM5417616_Gzf3_rpt1.out.txt.gz
GSM5417617	Dal80_rpt1	Dal80	YTG41	BY4741 DAL80::Dal80-Mnase	GPL19756	NextSeq 500	GSM5417617_Dal80_rpt1.out.txt.gz
GSM5417618	Gis1_rpt1	Gis1	YTG14	BY4741 GIS1::Gis1-Mnase	GPL19756	NextSeq 500	GSM5417618_Gis1_rpt1.out.txt.gz
GSM5417619	Rph1_rpt1	Rph1	YTG15	BY4741 RPH1::Rph1-Mnase	GPL19756	NextSeq 500	GSM5417619_Rph1_rpt1.out.txt.gz
GSM5417620	Met31_rpt1	Met31	YTG6	BY4741 MET31::Met31-Mnase	GPL19756	NextSeq 500	GSM5417620_Met31_rpt1.out.txt.gz
GSM5417621	Met32_rpt1	Met32	YTG7	BY4741 MET32::Met32-Mnase	GPL19756	NextSeq 500	GSM5417621_Met32_rpt1.out.txt.gz
GSM5417622	Stp3_rpt1	Stp3	YTG10	BY4741 STP3::Stp3-Mnase	GPL19756	NextSeq 500	GSM5417622_Stp3_rpt1.out.txt.gz
GSM5417623	Stp4_rpt1	Stp4	YTG11	BY4741 STP4::Stp4-Mnase	GPL19756	NextSeq 500	GSM5417623_Stp4_rpt1.out.txt.gz
GSM5417624	Usv1_rpt1	Usv1	YTG13	BY4741 USV1::Usv1-Mnase	GPL19756	NextSeq 500	GSM5417624_Usv1_rpt1.out.txt.gz
GSM5417625	Gzf3_rpt2	Gzf3	YTG40	BY4741 GZF3::Gzf3-Mnase	GPL19756	NextSeq 500	GSM5417625_Gzf3_rpt2.out.txt.gz
GSM5417626	Gis1_rpt2	Gis1	YTG14	BY4741 GIS1::Gis1-Mnase	GPL19756	NextSeq 500	GSM5417626_Gis1_rpt2.out.txt.gz
GSM5417627	Rph1_rpt2	Rph1	YTG15	BY4741 RPH1::Rph1-Mnase	GPL19756	NextSeq 500	GSM5417627_Rph1_rpt2.out.txt.gz
GSM5417628	Met31_rpt2	Met31	YTG6	BY4741 MET31::Met31-Mnase	GPL19756	NextSeq 500	GSM5417628_Met31_rpt2.out.txt.gz
GSM5417629	Met32_rpt2	Met32	YTG7	BY4741 MET32::Met32-Mnase	GPL19756	NextSeq 500	GSM5417629_Met32_rpt2.out.txt.gz
GSM5417630	Stp3_rpt2	Stp3	YTG10	BY4741 STP3::Stp3-Mnase	GPL19756	NextSeq 500	GSM5417630_Stp3_rpt2.out.txt.gz
GSM5417631	Stp4_rpt2	Stp4	YTG11	BY4741 STP4::Stp4-Mnase	GPL19756	NextSeq 500	GSM5417631_Stp4_rpt2.out.txt.gz
GSM5417632	Rph1_rpt3	Rph1	YTG15	BY4741 RPH1::Rph1-Mnase	GPL19756	NextSeq 500	GSM5417632_Rph1_rpt3.out.txt.gz
GSM5417633	Stp4_rpt3	Stp4	YTG11	BY4741 STP4::Stp4-Mnase	GPL19756	NextSeq 500	GSM5417633_Stp4_rpt3.out.txt.gz
GSM5417634	Dal80_rpt2	Dal80	YTG41	BY4741 DAL80::Dal80-Mnase	GPL19756	NextSeq 500	GSM5417634_Dal80_rpt2.out.txt.gz
GSM5417635	Pdr1_rpt1	Pdr1	YTG24	BY4741 PDR1::Pdr1-Mnase	GPL27812	Illumina NovaSeq 6000	GSM5417635_Pdr1_rpt1.out.txt.gz
GSM5417636	Pdr3_rpt1	Pdr3	YTG25	BY4741 PDR3::Pdr3-Mnase	GPL27812	Illumina NovaSeq 6000	GSM5417636_Pdr3_rpt1.out.txt.gz
GSM5417637	Vhr1_rpt1	Vhr1	YTG48	BY4741 VHR1::Vhr1-Mnase	GPL27812	Illumina NovaSeq 6000	GSM5417637_Vhr1_rpt1.out.txt.gz
GSM5417638	Vhr2_rpt1	Vhr2	YTG49	BY4741 VHR2::Vhr2-Mnase	GPL27812	Illumina NovaSeq 6000	GSM5417638_Vhr2_rpt1.out.txt.gz
GSM5417639	Pip2_rpt1	Pip2	YTG21	BY4741 PIP2::Pip2-Mnase	GPL27812	Illumina NovaSeq 6000	GSM5417639_Pip2_rpt1.out.txt.gz
GSM5417640	Oaf1_rpt1	Oaf1	YTG20	BY4741 OAF1::Oaf1-Mnase	GPL27812	Illumina NovaSeq 6000	GSM5417640_Oaf1_rpt1.out.txt.gz
GSM5417641	Ixr1_rpt1	Ixr1	YTG62	BY4741 IXR1::Ixr1-Mnase	GPL27812	Illumina NovaSeq 6000	GSM5417641_Ixr1_rpt1.out.txt.gz
GSM5417642	Pdr1_rpt2	Pdr1	YTG24	BY4741 PDR1::Pdr1-Mnase	GPL27812	Illumina NovaSeq 6000	GSM5417642_Pdr1_rpt2.out.txt.gz
GSM5417643	Pdr3_rpt2	Pdr3	YTG25	BY4741 PDR3::Pdr3-Mnase	GPL27812	Illumina NovaSeq 6000	GSM5417643_Pdr3_rpt2.out.txt.gz
GSM5417644	Vhr1_rpt2	Vhr1	YTG48	BY4741 VHR1::Vhr1-Mnase	GPL27812	Illumina NovaSeq 6000	GSM5417644_Vhr1_rpt2.out.txt.gz
GSM5417645	Vhr2_rpt2	Vhr2	YTG49	BY4741 VHR2::Vhr2-Mnase	GPL27812	Illumina NovaSeq 6000	GSM5417645_Vhr2_rpt2.out.txt.gz
GSM5417646	Pip2_rpt2	Pip2	YTG21	BY4741 PIP2::Pip2-Mnase	GPL27812	Illumina NovaSeq 6000	GSM5417646_Pip2_rpt2.out.txt.gz
GSM5417647	Pip2_rpt3	Pip2	YTG21	BY4741 PIP2::Pip2-Mnase	GPL27812	Illumina NovaSeq 6000	GSM5417647_Pip2_rpt3.out.txt.gz
GSM5417648	Oaf1_rpt2	Oaf1	YTG20	BY4741 OAF1::Oaf1-Mnase	GPL27812	Illumina NovaSeq 6000	GSM5417648_Oaf1_rpt2.out.txt.gz
GSM5417649	Oaf1_rpt3	Oaf1	YTG20	BY4741 OAF1::Oaf1-Mnase	GPL27812	Illumina NovaSeq 6000	GSM5417649_Oaf1_rpt3.out.txt.gz
GSM5417650	Ixr1_rpt2	Ixr1	YTG62	BY4741 IXR1::Ixr1-Mnase	GPL27812	Illumina NovaSeq 6000	GSM5417650_Ixr1_rpt2.out.txt.gz
GSM5417651	Ecm22_rpt1	Ecm22	YTG22	BY4741 ECM22::Ecm22-Mnase	GPL27812	Illumina NovaSeq 6000	GSM5417651_Ecm22_rpt1.out.txt.gz
GSM5417652	Upc2_rpt1	Upc2	YTG23	BY4741 UPC2::Upc2-Mnase	GPL27812	Illumina NovaSeq 6000	GSM5417652_Upc2_rpt1.out.txt.gz
GSM5417653	Yrr1_rpt1	Yrr1	YTG27	BY4741 YRR1::Yrr1-Mnase	GPL27812	Illumina NovaSeq 6000	GSM5417653_Yrr1_rpt1.out.txt.gz
GSM5417654	Hal9_rpt1	Hal9	YTG18	BY4741 HAL9::Hal9-Mnase	GPL27812	Illumina NovaSeq 6000	GSM5417654_Hal9_rpt1.out.txt.gz
GSM5417655	Tbs1_rpt1	Tbs1	YTG19	BY4741 TBS1::Tbs1-Mnase	GPL27812	Illumina NovaSeq 6000	GSM5417655_Tbs1_rpt1.out.txt.gz
GSM5417656	Tda9_rpt1	Tda9	YTG8	BY4741 TDA9::Tda9-Mnase	GPL27812	Illumina NovaSeq 6000	GSM5417656_Tda9_rpt1.out.txt.gz
GSM5417657	Rsf2_rpt1	Rsf2	YTG9	BY4741 RSF2::Rsf2-Mnase	GPL27812	Illumina NovaSeq 6000	GSM5417657_Rsf2_rpt1.out.txt.gz
GSM5417658	Yap6_rpt1	Yap6	YTG29	BY4741 YAP6::Yap6-Mnase	GPL27812	Illumina NovaSeq 6000	GSM5417658_Yap6_rpt1.out.txt.gz
GSM5417659	Yap4_rpt1	Yap4	YTG28	BY4741 YAP4::Yap4-Mnase	GPL27812	Illumina NovaSeq 6000	GSM5417659_Yap4_rpt1.out.txt.gz
GSM5417660	Yap5_rpt1	Yap5	YTG30	BY4741 YAP5::Yap5-Mnase	GPL27812	Illumina NovaSeq 6000	GSM5417660_Yap5_rpt1.out.txt.gz
GSM5417661	Yap7_rpt1	Yap7	YTG31	BY4741 YAP7::Yap7-Mnase	GPL27812	Illumina NovaSeq 6000	GSM5417661_Yap7_rpt1.out.txt.gz
GSM5417662	Ecm22_rpt2	Ecm22	YTG22	BY4741 ECM22::Ecm22-Mnase	GPL27812	Illumina NovaSeq 6000	GSM5417662_Ecm22_rpt2.out.txt.gz
GSM5417663	Upc2_rpt2	Upc2	YTG23	BY4741 UPC2::Upc2-Mnase	GPL27812	Illumina NovaSeq 6000	GSM5417663_Upc2_rpt2.out.txt.gz
GSM5417664	Yrr1_rpt2	Yrr1	YTG27	BY4741 YRR1::Yrr1-Mnase	GPL27812	Illumina NovaSeq 6000	GSM5417664_Yrr1_rpt2.out.txt.gz
GSM5417665	Pdr8_rpt1	Pdr8	YTG26	BY4741 PDR8::Pdr8-Mnase	GPL27812	Illumina NovaSeq 6000	GSM5417665_Pdr8_rpt1.out.txt.gz
GSM5417666	Hal9_rpt2	Hal9	YTG18	BY4741 HAL9::Hal9-Mnase	GPL27812	Illumina NovaSeq 6000	GSM5417666_Hal9_rpt2.out.txt.gz
GSM5417667	Tda9_rpt2	Tda9	YTG8	BY4741 TDA9::Tda9-Mnase	GPL27812	Illumina NovaSeq 6000	GSM5417667_Tda9_rpt2.out.txt.gz
GSM5417668	Rsf2_rpt2	Rsf2	YTG9	BY4741 RSF2::Rsf2-Mnase	GPL27812	Illumina NovaSeq 6000	GSM5417668_Rsf2_rpt2.out.txt.gz
GSM5417669	Yap6_rpt2	Yap6	YTG29	BY4741 YAP6::Yap6-Mnase	GPL27812	Illumina NovaSeq 6000	GSM5417669_Yap6_rpt2.out.txt.gz
GSM5417670	Yap4_rpt2	Yap4	YTG28	BY4741 YAP4::Yap4-Mnase	GPL27812	Illumina NovaSeq 6000	GSM5417670_Yap4_rpt2.out.txt.gz
GSM5417671	Yap5_rpt2	Yap5	YTG30	BY4741 YAP5::Yap5-Mnase	GPL27812	Illumina NovaSeq 6000	GSM5417671_Yap5_rpt2.out.txt.gz
GSM5417672	Yap7_rpt2	Yap7	YTG31	BY4741 YAP7::Yap7-Mnase	GPL27812	Illumina NovaSeq 6000	GSM5417672_Yap7_rpt2.out.txt.gz
GSM5417673	Vhr1_rpt3	Vhr1	YTG48	BY4741 VHR1::Vhr1-Mnase	GPL27812	Illumina NovaSeq 6000	GSM5417673_Vhr1_rpt3.out.txt.gz
GSM5417674	Vhr2_rpt3	Vhr2	YTG49	BY4741 VHR2::Vhr2-Mnase	GPL27812	Illumina NovaSeq 6000	GSM5417674_Vhr2_rpt3.out.txt.gz
GSM5417675	Tos8_rpt1	Tos8	YTG45	BY4741 TOS8::Tos8-Mnase	GPL27812	Illumina NovaSeq 6000	GSM5417675_Tos8_rpt1.out.txt.gz
GSM5417676	Yhp1_rpt1	Yhp1	YTG38	BY4741 YHP1::Yhp1-Mnase	GPL27812	Illumina NovaSeq 6000	GSM5417676_Yhp1_rpt1.out.txt.gz
GSM5417677	Yox1_rpt1	Yox1	YTG39	BY4741 YOX1::Yox1-Mnase	GPL27812	Illumina NovaSeq 6000	GSM5417677_Yox1_rpt1.out.txt.gz
GSM5417678	Tod6_rpt1	Tod6	YTG37	BY4741 TOD6::Tod6-Mnase	GPL27812	Illumina NovaSeq 6000	GSM5417678_Tod6_rpt1.out.txt.gz
GSM5417679	Smp1_rpt2	Smp1	YTG46	BY4741 SMP1::Smp1-Mnase	GPL27812	Illumina NovaSeq 6000	GSM5417679_Smp1_rpt2.out.txt.gz
GSM5417680	Phd1_rpt1	Phd1	YTG34	BY4741 PHD1::Phd1-Mnase	GPL27812	Illumina NovaSeq 6000	GSM5417680_Phd1_rpt1.out.txt.gz
GSM5417681	Rgm1_rpt1	Rgm1	YTG12	BY4741 RGM1::Rgm1-Mnase	GPL27812	Illumina NovaSeq 6000	GSM5417681_Rgm1_rpt1.out.txt.gz
GSM5417682	Usv1_rpt2	Usv1	YTG13	BY4741 USV1::Usv1-Mnase	GPL27812	Illumina NovaSeq 6000	GSM5417682_Usv1_rpt2.out.txt.gz
GSM5417683	Tos8_rpt2	Tos8	YTG45	BY4741 TOS8::Tos8-Mnase	GPL27812	Illumina NovaSeq 6000	GSM5417683_Tos8_rpt2.out.txt.gz
GSM5417684	Yhp1_rpt2	Yhp1	YTG38	BY4741 YHP1::Yhp1-Mnase	GPL27812	Illumina NovaSeq 6000	GSM5417684_Yhp1_rpt2.out.txt.gz
GSM5417685	Yox1_rpt2	Yox1	YTG39	BY4741 YOX1::Yox1-Mnase	GPL27812	Illumina NovaSeq 6000	GSM5417685_Yox1_rpt2.out.txt.gz
GSM5417686	Tod6_rpt2	Tod6	YTG37	BY4741 TOD6::Tod6-Mnase	GPL27812	Illumina NovaSeq 6000	GSM5417686_Tod6_rpt2.out.txt.gz
GSM5417687	Smp1_rpt3	Smp1	YTG46	BY4741 SMP1::Smp1-Mnase	GPL27812	Illumina NovaSeq 6000	GSM5417687_Smp1_rpt3.out.txt.gz
GSM5417688	Phd1_rpt2	Phd1	YTG34	BY4741 PHD1::Phd1-Mnase	GPL27812	Illumina NovaSeq 6000	GSM5417688_Phd1_rpt2.out.txt.gz
GSM5417689	Rgm1_rpt2	Rgm1	YTG12	BY4741 RGM1::Rgm1-Mnase	GPL27812	Illumina NovaSeq 6000	GSM5417689_Rgm1_rpt2.out.txt.gz
GSM5417690	Usv1_rpt3	Usv1	YTG13	BY4741 USV1::Usv1-Mnase	GPL27812	Illumina NovaSeq 6000	GSM5417690_Usv1_rpt3.out.txt.gz
GSM5417691	Dal80_rpt3	Dal80	YTG41	BY4741 DAL80::Dal80-Mnase	GPL27812	Illumina NovaSeq 6000	GSM5417691_Dal80_rpt3.out.txt.gz
GSM5417692	Sut2_rpt1	Sut2	YTG17	BY4741 SUT2::Sut2-Mnase	GPL27812	Illumina NovaSeq 6000	GSM5417692_Sut2_rpt1.out.txt.gz
GSM5417693	Sut1_rpt1	Sut1	YTG16	BY4741 SUT1::Sut1-Mnase	GPL27812	Illumina NovaSeq 6000	GSM5417693_Sut1_rpt1.out.txt.gz
GSM5417694	Pdr8_rpt2	Pdr8	YTG26	BY4741 PDR8::Pdr8-Mnase	GPL27812	Illumina NovaSeq 6000	GSM5417694_Pdr8_rpt2.out.txt.gz
GSM5417695	Spt23_rpt1	Spt23	YTG32	BY4741 SPT23::Mnase-Spt23	GPL27812	Illumina NovaSeq 6000	GSM5417695_Spt23_rpt1.out.txt.gz
GSM5417696	Cup9_rpt3	Cup9	YTG44	BY4741 CUP9::Cup9-Mnase	GPL27812	Illumina NovaSeq 6000	GSM5417696_Cup9_rpt3.out.txt.gz
GSM5417697	Spt23_rpt2	Spt23	YTG32	BY4741 SPT23::Mnase-Spt23	GPL27812	Illumina NovaSeq 6000	GSM5417697_Spt23_rpt2.out.txt.gz
GSM5417698	Mga2_rpt1	Mga2	YTG33	BY4741 MGA2::Mnase-Mga2	GPL27812	Illumina NovaSeq 6000	GSM5417698_Mga2_rpt1.out.txt.gz
GSM5417699	Spt23_rpt3	Spt23	YTG32	BY4741 SPT23::Mnase-Spt23	GPL27812	Illumina NovaSeq 6000	GSM5417699_Spt23_rpt3.out.txt.gz
GSM5417700	Mga2_rpt2	Mga2	YTG33	BY4741 MGA2::Mnase-Mga2	GPL27812	Illumina NovaSeq 6000	GSM5417700_Mga2_rpt2.out.txt.gz
GSM5417701	Dal80_rpt4	Dal80	YTG41	BY4741 DAL80::Dal80-Mnase	GPL27812	Illumina NovaSeq 6000	GSM5417701_Dal80_rpt4.out.txt.gz
GSM5417702	Sut2_rpt2	Sut2	YTG17	BY4741 SUT2::Sut2-Mnase	GPL27812	Illumina NovaSeq 6000	GSM5417702_Sut2_rpt2.out.txt.gz
GSM5417703	Sut1_rpt2	Sut1	YTG16	BY4741 SUT1::Sut1-Mnase	GPL27812	Illumina NovaSeq 6000	GSM5417703_Sut1_rpt2.out.txt.gz
GSM5417704	Gis1_dRPH1_rpt1	Gis1_dRPH1	YTG71	BY4741 GIS1::Gis1-Mnase RPH1::kanMX	GPL27812	Illumina NovaSeq 6000	GSM5417704_Gis1_dRPH1_rpt1.out.txt.gz
GSM5417705	Met31_dMET32_rpt1	Met31_dMET32	YTG65	BY4741 MET31::Met31-Mnase MET32::kanMX	GPL27812	Illumina NovaSeq 6000	GSM5417705_Met31_dMET32_rpt1.out.txt.gz
GSM5417706	Dot6_dTOD6_rpt1	Dot6_dTOD6	YTG92	BY4741 DOT6::Dot6-Mnase TOD6::kanMX	GPL27812	Illumina NovaSeq 6000	GSM5417706_Dot6_dTOD6_rpt1.out.txt.gz
GSM5417707	Gzf3_dDAL80_rpt1	Gzf3_dDAL80	YTG96	BY4741 GZF3::Gzf3-Mnase DAL80::kanMX	GPL27812	Illumina NovaSeq 6000	GSM5417707_Gzf3_dDAL80_rpt1.out.txt.gz
GSM5417708	Pdr3_dPDR1_rpt1	Pdr3_dPDR1	YTG82	BY4741 PDR3::Pdr3-Mnase PDR1::kanMX	GPL27812	Illumina NovaSeq 6000	GSM5417708_Pdr3_dPDR1_rpt1.out.txt.gz
GSM5417709	Pdr1_dPDR3_rpt1	Pdr1_dPDR3	YTG81	BY4741 PDR1::Pdr1-Mnase PDR3::kanMX	GPL27812	Illumina NovaSeq 6000	GSM5417709_Pdr1_dPDR3_rpt1.out.txt.gz
GSM5417710	Hal9_dTBS1_rpt1	Hal9_dTBS1	YTG75	BY4741 HAL9::Hal9-Mnase TBS1::kanMX	GPL27812	Illumina NovaSeq 6000	GSM5417710_Hal9_dTBS1_rpt1.out.txt.gz
GSM5417711	Stp1_rpt1	Stp1	YTG4	BY4741 STP1::Stp1-Mnase	GPL27812	Illumina NovaSeq 6000	GSM5417711_Stp1_rpt1.out.txt.gz
GSM5417712	Stp2_rpt1	Stp2	YTG5	BY4741 STP2::Stp2-Mnase	GPL27812	Illumina NovaSeq 6000	GSM5417712_Stp2_rpt1.out.txt.gz
GSM5417713	Oaf1_dPIP2_rpt1	Oaf1_dPIP2	YTG77	BY4741 OAF1::Oaf1-Mnase PIP2::kanMX	GPL27812	Illumina NovaSeq 6000	GSM5417713_Oaf1_dPIP2_rpt1.out.txt.gz
GSM5417714	Rph1_dGIS1_rpt1	Rph1_dGIS1	YTG72	BY4741 RPH1::Rph1-Mnase GIS1::kanMX	GPL27812	Illumina NovaSeq 6000	GSM5417714_Rph1_dGIS1_rpt1.out.txt.gz
GSM5417715	Gis1_dRPH1_rpt2	Gis1_dRPH1	YTG71	BY4741 GIS1::Gis1-Mnase RPH1::kanMX	GPL27812	Illumina NovaSeq 6000	GSM5417715_Gis1_dRPH1_rpt2.out.txt.gz
GSM5417716	Gzf3_dDAL80_rpt2	Gzf3_dDAL80	YTG96	BY4741 GZF3::Gzf3-Mnase DAL80::kanMX	GPL27812	Illumina NovaSeq 6000	GSM5417716_Gzf3_dDAL80_rpt2.out.txt.gz
GSM5417717	Pdr3_dPDR1_rpt2	Pdr3_dPDR1	YTG82	BY4741 PDR3::Pdr3-Mnase PDR1::kanMX	GPL27812	Illumina NovaSeq 6000	GSM5417717_Pdr3_dPDR1_rpt2.out.txt.gz
GSM5417718	Pdr1_dPDR3_rpt2	Pdr1_dPDR3	YTG81	BY4741 PDR1::Pdr1-Mnase PDR3::kanMX	GPL27812	Illumina NovaSeq 6000	GSM5417718_Pdr1_dPDR3_rpt2.out.txt.gz
GSM5417719	Hal9_dTBS1_rpt2	Hal9_dTBS1	YTG75	BY4741 HAL9::Hal9-Mnase TBS1::kanMX	GPL27812	Illumina NovaSeq 6000	GSM5417719_Hal9_dTBS1_rpt2.out.txt.gz
GSM5417720	Tbs1_dHAL9_rpt1	Tbs1_dHAL9	YTG76	BY4741 TBS1::Tbs1-Mnase HAL9::kanMX	GPL27812	Illumina NovaSeq 6000	GSM5417720_Tbs1_dHAL9_rpt1.out.txt.gz
GSM5417721	Stp1_rpt2	Stp1	YTG4	BY4741 STP1::Stp1-Mnase	GPL27812	Illumina NovaSeq 6000	GSM5417721_Stp1_rpt2.out.txt.gz
GSM5417722	Stp2_rpt2	Stp2	YTG5	BY4741 STP2::Stp2-Mnase	GPL27812	Illumina NovaSeq 6000	GSM5417722_Stp2_rpt2.out.txt.gz
GSM5417723	Vhr2_dVHR1_rpt1	Vhr2_dVHR1	YTG105	BY4741 VHR2::Vhr2-Mnase VHR1::kanMX	GPL27812	Illumina NovaSeq 6000	GSM5417723_Vhr2_dVHR1_rpt1.out.txt.gz
GSM5417724	Vhr1_dVHR2_rpt1	Vhr1_dVHR2	YTG104	BY4741 VHR1::Vhr1-Mnase VHR2::kanMX	GPL27812	Illumina NovaSeq 6000	GSM5417724_Vhr1_dVHR2_rpt1.out.txt.gz
GSM5417725	Ecm22_dUPC2_rpt1	Ecm22_dUPC2	YTG79	BY4741 ECM22::Ecm22-Mnase UPC2::kanMX	GPL27812	Illumina NovaSeq 6000	GSM5417725_Ecm22_dUPC2_rpt1.out.txt.gz
GSM5417726	Upc2_dECM22_rpt1	Upc2_dECM22	YTG80	BY4741 UPC2::Upc2-Mnase ECM22::kanMX	GPL27812	Illumina NovaSeq 6000	GSM5417726_Upc2_dECM22_rpt1.out.txt.gz
GSM5417727	Stp4_dSTP3_rpt1	Stp4_dSTP3	YTG70	BY4741 STP4::Stp4-Mnase STP3::kanMX	GPL27812	Illumina NovaSeq 6000	GSM5417727_Stp4_dSTP3_rpt1.out.txt.gz
GSM5417728	Stp3_dSTP4_rpt1	Stp3_dSTP4	YTG69	BY4741 STP3::Stp3-Mnase STP4::kanMX	GPL27812	Illumina NovaSeq 6000	GSM5417728_Stp3_dSTP4_rpt1.out.txt.gz
GSM5417729	Oaf1_lactis_rpt1	Oaf1_lactis	YTG138	BY4741 OAF1::K.lactis A03443-Mnase PIP2::kanMX	GPL27812	Illumina NovaSeq 6000	GSM5417729_Oaf1_lactis_rpt1.out.txt.gz
GSM5417730	Met32_lactis_rpt1	Met32_lactis	YTG134	BY4741 MET32::K.lactis D11902-Mnase MET31::kanMX	GPL27812	Illumina NovaSeq 6000	GSM5417730_Met32_lactis_rpt1.out.txt.gz
GSM5417731	Gzf3_lactis_rpt1	Gzf3_lactis	YTG143	BY4741 GZF3::K.lactis F21296-Mnase DAL80::kanMX	GPL27812	Illumina NovaSeq 6000	GSM5417731_Gzf3_lactis_rpt1.out.txt.gz
GSM5417732	Yrr1_dPDR8_rpt1	Yrr1_dPDR8	YTG84	BY4741 YRR1::Yrr1-Mnase PDR8::kanMX	GPL27812	Illumina NovaSeq 6000	GSM5417732_Yrr1_dPDR8_rpt1.out.txt.gz
GSM5417733	Skn7_dHMS2_rpt1	Skn7_dHMS2	YTG98	BY4741 SKN7::Skn7-Mnase HMS2::kanMX	GPL27812	Illumina NovaSeq 6000	GSM5417733_Skn7_dHMS2_rpt1.out.txt.gz
GSM5417734	Sok2_dPHD1_rpt1	Sok2_dPHD1	YTG91	BY4741 SOK2::Sok2-Mnase PHD1::kanMX	GPL27812	Illumina NovaSeq 6000	GSM5417734_Sok2_dPHD1_rpt1.out.txt.gz
GSM5417735	Tod6_dDOT6_rpt1	Tod6_dDOT6	YTG93	BY4741 TOD6::Tod6-Mnase DOT6::kanMX	GPL27812	Illumina NovaSeq 6000	GSM5417735_Tod6_dDOT6_rpt1.out.txt.gz
GSM5417736	Dot6_dTOD6_rpt2	Dot6_dTOD6	YTG92	BY4741 DOT6::Dot6-Mnase TOD6::kanMX	GPL27812	Illumina NovaSeq 6000	GSM5417736_Dot6_dTOD6_rpt2.out.txt.gz
GSM5417737	Sok2_dPHD1_rpt2	Sok2_dPHD1	YTG91	BY4741 SOK2::Sok2-Mnase PHD1::kanMX	GPL27812	Illumina NovaSeq 6000	GSM5417737_Sok2_dPHD1_rpt2.out.txt.gz
GSM5417738	Phd1_dSOK2_rpt1	Phd1_dSOK2	YTG90	BY4741 PHD1::Phd1-Mnase SOK2::kanMX	GPL27812	Illumina NovaSeq 6000	GSM5417738_Phd1_dSOK2_rpt1.out.txt.gz
GSM5417739	Tod6_dDOT6_rpt2	Tod6_dDOT6	YTG93	BY4741 TOD6::Tod6-Mnase DOT6::kanMX	GPL27812	Illumina NovaSeq 6000	GSM5417739_Tod6_dDOT6_rpt2.out.txt.gz
GSM5417740	Dot6_dTOD6_rpt3	Dot6_dTOD6	YTG92	BY4741 DOT6::Dot6-Mnase TOD6::kanMX	GPL27812	Illumina NovaSeq 6000	GSM5417740_Dot6_dTOD6_rpt3.out.txt.gz
GSM5417741	Vhr2_dVHR1_rpt2	Vhr2_dVHR1	YTG105	BY4741 VHR2::Vhr2-Mnase VHR1::kanMX	GPL27812	Illumina NovaSeq 6000	GSM5417741_Vhr2_dVHR1_rpt2.out.txt.gz
GSM5417742	Vhr1_dVHR2_rpt2	Vhr1_dVHR2	YTG104	BY4741 VHR1::Vhr1-Mnase VHR2::kanMX	GPL27812	Illumina NovaSeq 6000	GSM5417742_Vhr1_dVHR2_rpt2.out.txt.gz
GSM5417743	Ecm22_dUPC2_rpt2	Ecm22_dUPC2	YTG79	BY4741 ECM22::Ecm22-Mnase UPC2::kanMX	GPL27812	Illumina NovaSeq 6000	GSM5417743_Ecm22_dUPC2_rpt2.out.txt.gz
GSM5417744	Upc2_dECM22_rpt2	Upc2_dECM22	YTG80	BY4741 UPC2::Upc2-Mnase ECM22::kanMX	GPL27812	Illumina NovaSeq 6000	GSM5417744_Upc2_dECM22_rpt2.out.txt.gz
GSM5417745	Stp4_dSTP3_rpt2	Stp4_dSTP3	YTG70	BY4741 STP4::Stp4-Mnase STP3::kanMX	GPL27812	Illumina NovaSeq 6000	GSM5417745_Stp4_dSTP3_rpt2.out.txt.gz
GSM5417746	Stp3_dSTP4_rpt2	Stp3_dSTP4	YTG69	BY4741 STP3::Stp3-Mnase STP4::kanMX	GPL27812	Illumina NovaSeq 6000	GSM5417746_Stp3_dSTP4_rpt2.out.txt.gz
GSM5417747	Oaf1_lactis_rpt2	Oaf1_lactis	YTG138	BY4741 OAF1::K.lactis A03443-Mnase PIP2::kanMX	GPL27812	Illumina NovaSeq 6000	GSM5417747_Oaf1_lactis_rpt2.out.txt.gz
GSM5417748	Met32_lactis_rpt2	Met32_lactis	YTG134	BY4741 MET32::K.lactis D11902-Mnase MET31::kanMX	GPL27812	Illumina NovaSeq 6000	GSM5417748_Met32_lactis_rpt2.out.txt.gz
GSM5417749	Dot6_lactis_rpt1	Dot6_lactis	YTG141	BY4741 DOT6::K.lactis E19933-Mnase TOD6::kanMX	GPL27812	Illumina NovaSeq 6000	GSM5417749_Dot6_lactis_rpt1.out.txt.gz
GSM5417750	Gzf3_lactis_rpt2	Gzf3_lactis	YTG143	BY4741 GZF3::K.lactis F21296-Mnase DAL80::kanMX	GPL27812	Illumina NovaSeq 6000	GSM5417750_Gzf3_lactis_rpt2.out.txt.gz
GSM5417751	Yrr1_dPDR8_rpt2	Yrr1_dPDR8	YTG84	BY4741 YRR1::Yrr1-Mnase PDR8::kanMX	GPL27812	Illumina NovaSeq 6000	GSM5417751_Yrr1_dPDR8_rpt2.out.txt.gz
GSM5417752	Pdr8_dYRR1_rpt1	Pdr8_dYRR1	YTG83	BY4741 PDR8::Pdr8-Mnase YRR1::kanMX	GPL27812	Illumina NovaSeq 6000	GSM5417752_Pdr8_dYRR1_rpt1.out.txt.gz
GSM5417753	Skn7_dHMS2_rpt2	Skn7_dHMS2	YTG98	BY4741 SKN7::Skn7-Mnase HMS2::kanMX	GPL27812	Illumina NovaSeq 6000	GSM5417753_Skn7_dHMS2_rpt2.out.txt.gz
GSM5417754	Oaf1_dPIP2_rpt2	Oaf1_dPIP2	YTG77	BY4741 OAF1::Oaf1-Mnase PIP2::kanMX	GPL27812	Illumina NovaSeq 6000	GSM5417754_Oaf1_dPIP2_rpt2.out.txt.gz
GSM5417755	Rph1_dGIS1_rpt2	Rph1_dGIS1	YTG72	BY4741 RPH1::Rph1-Mnase GIS1::kanMX	GPL27812	Illumina NovaSeq 6000	GSM5417755_Rph1_dGIS1_rpt2.out.txt.gz
GSM5417756	Yhp1_dYOX1_rpt1	Yhp1_dYOX1	YTG94	BY4741 YHP1::Yhp1-Mnase YOX1::kanMX	GPL27812	Illumina NovaSeq 6000	GSM5417756_Yhp1_dYOX1_rpt1.out.txt.gz
GSM5417757	Yox1_dYHP1_rpt1	Yox1_dYHP1	YTG95	BY4741 YOX1::Yox1-Mnase YHP1::kanMX	GPL27812	Illumina NovaSeq 6000	GSM5417757_Yox1_dYHP1_rpt1.out.txt.gz
GSM5417758	Yap6_dYAP4_rpt1	Yap6_dYAP4	YTG86	BY4741 YAP6::Yap6-Mnase YAP4::kanMX	GPL27812	Illumina NovaSeq 6000	GSM5417758_Yap6_dYAP4_rpt1.out.txt.gz
GSM5417759	Yap4_dYAP6_rpt1	Yap4_dYAP6	YTG85	BY4741 YAP4::Yap4-Mnase YAP6::kanMX	GPL27812	Illumina NovaSeq 6000	GSM5417759_Yap4_dYAP6_rpt1.out.txt.gz
GSM5417760	Rlm1_dSMP1_rpt1	Rlm1_dSMP1	YTG103	BY4741 RLM1::Rlm1-Mnase SMP1::kanMX	GPL27812	Illumina NovaSeq 6000	GSM5417760_Rlm1_dSMP1_rpt1.out.txt.gz
GSM5417761	Cup9_dTOS8_rpt1	Cup9_dTOS8	YTG100	BY4741 CUP9::Cup9-Mnase TOS8::kanMX	GPL27812	Illumina NovaSeq 6000	GSM5417761_Cup9_dTOS8_rpt1.out.txt.gz
GSM5417762	Phd1_dSOK2_rpt2	Phd1_dSOK2	YTG90	BY4741 PHD1::Phd1-Mnase SOK2::kanMX	GPL27812	Illumina NovaSeq 6000	GSM5417762_Phd1_dSOK2_rpt2.out.txt.gz
GSM5417763	Tbs1_dHAL9_rpt2	Tbs1_dHAL9	YTG76	BY4741 TBS1::Tbs1-Mnase HAL9::kanMX	GPL27812	Illumina NovaSeq 6000	GSM5417763_Tbs1_dHAL9_rpt2.out.txt.gz
GSM5417764	Pdr3_dPDR1_rpt3	Pdr3_dPDR1	YTG82	BY4741 PDR3::Pdr3-Mnase PDR1::kanMX	GPL27812	Illumina NovaSeq 6000	GSM5417764_Pdr3_dPDR1_rpt3.out.txt.gz
GSM5417765	Yap2_dYAP1_rpt1	Yap2_dYAP1	YTG112	BY4741 YAP2::Yap2-Mnase(kanMX) YAP1::natNT2	GPL27812	Illumina NovaSeq 6000	GSM5417765_Yap2_dYAP1_rpt1.out.txt.gz
GSM5417766	Oaf1_dPIP2_rpt3	Oaf1_dPIP2	YTG77	BY4741 OAF1::Oaf1-Mnase PIP2::kanMX	GPL27812	Illumina NovaSeq 6000	GSM5417766_Oaf1_dPIP2_rpt3.out.txt.gz
GSM5417767	Rph1_dGIS1_rpt3	Rph1_dGIS1	YTG72	BY4741 RPH1::Rph1-Mnase GIS1::kanMX	GPL27812	Illumina NovaSeq 6000	GSM5417767_Rph1_dGIS1_rpt3.out.txt.gz
GSM5417768	Pdr8_dYRR1_rpt2	Pdr8_dYRR1	YTG83	BY4741 PDR8::Pdr8-Mnase YRR1::kanMX	GPL27812	Illumina NovaSeq 6000	GSM5417768_Pdr8_dYRR1_rpt2.out.txt.gz
GSM5417769	Yhp1_dYOX1_rpt2	Yhp1_dYOX1	YTG94	BY4741 YHP1::Yhp1-Mnase YOX1::kanMX	GPL27812	Illumina NovaSeq 6000	GSM5417769_Yhp1_dYOX1_rpt2.out.txt.gz
GSM5417770	Yox1_dYHP1_rpt2	Yox1_dYHP1	YTG95	BY4741 YOX1::Yox1-Mnase YHP1::kanMX	GPL27812	Illumina NovaSeq 6000	GSM5417770_Yox1_dYHP1_rpt2.out.txt.gz
GSM5417771	Yap6_dYAP4_rpt2	Yap6_dYAP4	YTG86	BY4741 YAP6::Yap6-Mnase YAP4::kanMX	GPL27812	Illumina NovaSeq 6000	GSM5417771_Yap6_dYAP4_rpt2.out.txt.gz
GSM5417772	Yap4_dYAP6_rpt2	Yap4_dYAP6	YTG85	BY4741 YAP4::Yap4-Mnase YAP6::kanMX	GPL27812	Illumina NovaSeq 6000	GSM5417772_Yap4_dYAP6_rpt2.out.txt.gz
GSM5417773	Rlm1_dSMP1_rpt2	Rlm1_dSMP1	YTG103	BY4741 RLM1::Rlm1-Mnase SMP1::kanMX	GPL27812	Illumina NovaSeq 6000	GSM5417773_Rlm1_dSMP1_rpt2.out.txt.gz
GSM5417774	Cup9_dTOS8_rpt2	Cup9_dTOS8	YTG100	BY4741 CUP9::Cup9-Mnase TOS8::kanMX	GPL27812	Illumina NovaSeq 6000	GSM5417774_Cup9_dTOS8_rpt2.out.txt.gz
GSM5417775	Tbs1_dHAL9_rpt3	Tbs1_dHAL9	YTG76	BY4741 TBS1::Tbs1-Mnase HAL9::kanMX	GPL27812	Illumina NovaSeq 6000	GSM5417775_Tbs1_dHAL9_rpt3.out.txt.gz
GSM5417776	Pdr3_dPDR1_rpt4	Pdr3_dPDR1	YTG82	BY4741 PDR3::Pdr3-Mnase PDR1::kanMX	GPL27812	Illumina NovaSeq 6000	GSM5417776_Pdr3_dPDR1_rpt4.out.txt.gz
GSM5417777	Yap1_dYAP2_rpt1	Yap1_dYAP2	YTG111	BY4741 YAP1::Yap1-Mnase(kanMX) YAP2::natNT2	GPL27812	Illumina NovaSeq 6000	GSM5417777_Yap1_dYAP2_rpt1.out.txt.gz
GSM5417778	Dot6_lactis_rpt2	Dot6_lactis	YTG141	BY4741 DOT6::K.lactis E19933-Mnase TOD6::kanMX	GPL27812	Illumina NovaSeq 6000	GSM5417778_Dot6_lactis_rpt2.out.txt.gz
GSM5417779	Yap1_lactis_rpt1	Yap1_lactis	YTG148	BY4741 YAP1::K.lactis A01760-Mnase(kanMX) YAP2::natNT2	GPL27812	Illumina NovaSeq 6000	GSM5417779_Yap1_lactis_rpt1.out.txt.gz
GSM5417780	Skn7_lactis_rpt1	Skn7_lactis	YTG144	BY4741 SKN7::K.lactis A10219-Mnase HMS2::kanMX	GPL27812	Illumina NovaSeq 6000	GSM5417780_Skn7_lactis_rpt1.out.txt.gz
GSM5417781	Vhr1_lactis_rpt1	Vhr1_lactis	YTG146	BY4741 VHR1::K.lactis C08151-Mnase VHR2::kanMX	GPL27812	Illumina NovaSeq 6000	GSM5417781_Vhr1_lactis_rpt1.out.txt.gz
GSM5417782	Rph1_lactis_rpt1	Rph1_lactis	YTG136	BY4741 RPH1::K.lactis C17710-Mnase GIS1::kanMX	GPL27812	Illumina NovaSeq 6000	GSM5417782_Rph1_lactis_rpt1.out.txt.gz
GSM5417783	Tda9_lactis_rpt1	Tda9_lactis	YTG135	BY4741 TDA9::K.lactis B04477-Mnase RSF2::kanMX	GPL27812	Illumina NovaSeq 6000	GSM5417783_Tda9_lactis_rpt1.out.txt.gz
GSM5417784	Ixr1_lactis_rpt1	Ixr1_lactis	YTG151	BY4741 IXR1::K.lactis E18481-Mnase ABF2::kanMX	GPL27812	Illumina NovaSeq 6000	GSM5417784_Ixr1_lactis_rpt1.out.txt.gz
GSM5417785	Msn4_dMSN2_rpt1	Msn4_dMSN2	YTG108	BY4741 MSN4::Msn4-Mnase(kanMX) MSN2::natNT2	GPL27812	Illumina NovaSeq 6000	GSM5417785_Msn4_dMSN2_rpt1.out.txt.gz
GSM5417786	Yap1_dYAP2_rpt2	Yap1_dYAP2	YTG111	BY4741 YAP1::Yap1-Mnase(kanMX) YAP2::natNT2	GPL27812	Illumina NovaSeq 6000	GSM5417786_Yap1_dYAP2_rpt2.out.txt.gz
GSM5417787	Yap2_dYAP1_rpt2	Yap2_dYAP1	YTG112	BY4741 YAP2::Yap2-Mnase(kanMX) YAP1::natNT2	GPL27812	Illumina NovaSeq 6000	GSM5417787_Yap2_dYAP1_rpt2.out.txt.gz
GSM5417788	Rph1_dGIS1_rpt4	Rph1_dGIS1	YTG72	BY4741 RPH1::Rph1-Mnase GIS1::kanMX	GPL27812	Illumina NovaSeq 6000	GSM5417788_Rph1_dGIS1_rpt4.out.txt.gz
GSM5417789	Tbs1_dHAL9_rpt4	Tbs1_dHAL9	YTG76	BY4741 TBS1::Tbs1-Mnase HAL9::kanMX	GPL27812	Illumina NovaSeq 6000	GSM5417789_Tbs1_dHAL9_rpt4.out.txt.gz
GSM5417790	Tda9_dRSF2_rpt1	Tda9_dRSF2	YTG67	BY4741 TDA9::Tda9-Mnase RSF2::kanMX	GPL27812	Illumina NovaSeq 6000	GSM5417790_Tda9_dRSF2_rpt1.out.txt.gz
GSM5417791	Ixr1_dABF2_rpt1	Ixr1_dABF2	YTG117	BY4741 IXR1::Ixr1-Mnase ABF2::kanMX	GPL27812	Illumina NovaSeq 6000	GSM5417791_Ixr1_dABF2_rpt1.out.txt.gz
GSM5417792	Tos8_dCUP9_rpt1	Tos8_dCUP9	YTG101	BY4741 TOS8::Tos8-Mnase CUP9::kanMX	GPL27812	Illumina NovaSeq 6000	GSM5417792_Tos8_dCUP9_rpt1.out.txt.gz
GSM5417793	Yap1_lactis_rpt2	Yap1_lactis	YTG148	BY4741 YAP1::K.lactis A01760-Mnase(kanMX) YAP2::natNT2	GPL27812	Illumina NovaSeq 6000	GSM5417793_Yap1_lactis_rpt2.out.txt.gz
GSM5417794	Skn7_lactis_rpt2	Skn7_lactis	YTG144	BY4741 SKN7::K.lactis A10219-Mnase HMS2::kanMX	GPL27812	Illumina NovaSeq 6000	GSM5417794_Skn7_lactis_rpt2.out.txt.gz
GSM5417795	Vhr1_lactis_rpt2	Vhr1_lactis	YTG146	BY4741 VHR1::K.lactis C08151-Mnase VHR2::kanMX	GPL27812	Illumina NovaSeq 6000	GSM5417795_Vhr1_lactis_rpt2.out.txt.gz
GSM5417796	Rph1_lactis_rpt2	Rph1_lactis	YTG136	BY4741 RPH1::K.lactis C17710-Mnase GIS1::kanMX	GPL27812	Illumina NovaSeq 6000	GSM5417796_Rph1_lactis_rpt2.out.txt.gz
GSM5417797	Tbs1_lactis_rpt1	Tbs1_lactis	YTG137	BY4741 TBS1::K.lactis F02750-Mnase HAL9::kanMX	GPL27812	Illumina NovaSeq 6000	GSM5417797_Tbs1_lactis_rpt1.out.txt.gz
GSM5417798	Tda9_lactis_rpt2	Tda9_lactis	YTG135	BY4741 TDA9::K.lactis B04477-Mnase RSF2::kanMX	GPL27812	Illumina NovaSeq 6000	GSM5417798_Tda9_lactis_rpt2.out.txt.gz
GSM5417799	Ixr1_lactis_rpt2	Ixr1_lactis	YTG151	BY4741 IXR1::K.lactis E18481-Mnase ABF2::kanMX	GPL27812	Illumina NovaSeq 6000	GSM5417799_Ixr1_lactis_rpt2.out.txt.gz
GSM5417800	Msn4_dMSN2_rpt2	Msn4_dMSN2	YTG108	BY4741 MSN4::Msn4-Mnase(kanMX) MSN2::natNT2	GPL27812	Illumina NovaSeq 6000	GSM5417800_Msn4_dMSN2_rpt2.out.txt.gz
GSM5417801	Yap1_dYAP2_rpt3	Yap1_dYAP2	YTG111	BY4741 YAP1::Yap1-Mnase(kanMX) YAP2::natNT2	GPL27812	Illumina NovaSeq 6000	GSM5417801_Yap1_dYAP2_rpt3.out.txt.gz
GSM5417802	Yap2_dYAP1_rpt3	Yap2_dYAP1	YTG112	BY4741 YAP2::Yap2-Mnase(kanMX) YAP1::natNT2	GPL27812	Illumina NovaSeq 6000	GSM5417802_Yap2_dYAP1_rpt3.out.txt.gz
GSM5417803	Rph1_dGIS1_rpt5	Rph1_dGIS1	YTG72	BY4741 RPH1::Rph1-Mnase GIS1::kanMX	GPL27812	Illumina NovaSeq 6000	GSM5417803_Rph1_dGIS1_rpt5.out.txt.gz
GSM5417804	Tbs1_dHAL9_rpt5	Tbs1_dHAL9	YTG76	BY4741 TBS1::Tbs1-Mnase HAL9::kanMX	GPL27812	Illumina NovaSeq 6000	GSM5417804_Tbs1_dHAL9_rpt5.out.txt.gz
GSM5417805	Tda9_dRSF2_rpt2	Tda9_dRSF2	YTG67	BY4741 TDA9::Tda9-Mnase RSF2::kanMX	GPL27812	Illumina NovaSeq 6000	GSM5417805_Tda9_dRSF2_rpt2.out.txt.gz
GSM5417806	Ixr1_dABF2_rpt2	Ixr1_dABF2	YTG117	BY4741 IXR1::Ixr1-Mnase ABF2::kanMX	GPL27812	Illumina NovaSeq 6000	GSM5417806_Ixr1_dABF2_rpt2.out.txt.gz
GSM5417807	Met31_dMET32_rpt2	Met31_dMET32	YTG65	BY4741 MET31::Met31-Mnase MET32::kanMX	GPL27812	Illumina NovaSeq 6000	GSM5417807_Met31_dMET32_rpt2.out.txt.gz
GSM5417808	Met32_dMET31_rpt1	Met32_dMET31	YTG66	BY4741 MET32::Met32-Mnase MET31::kanMX	GPL27812	Illumina NovaSeq 6000	GSM5417808_Met32_dMET31_rpt1.out.txt.gz
GSM5417809	Sut1_dSUT2_rpt1	Sut1_dSUT2	YTG73	BY4741 SUT1::Sut1-Mnase SUT2::kanMX	GPL27812	Illumina NovaSeq 6000	GSM5417809_Sut1_dSUT2_rpt1.out.txt.gz
GSM5417810	Sut2_dSUT1_rpt1	Sut2_dSUT1	YTG74	BY4741 SUT2::Sut2-Mnase SUT1::kanMX	GPL27812	Illumina NovaSeq 6000	GSM5417810_Sut2_dSUT1_rpt1.out.txt.gz
GSM5417811	Stp1_dSTP2_rpt1	Stp1_dSTP2	YTG63	BY4741 STP1::Stp1-Mnase STP2::kanMX	GPL27812	Illumina NovaSeq 6000	GSM5417811_Stp1_dSTP2_rpt1.out.txt.gz
GSM5417812	Smp1_dRLM1_rpt1	Smp1_dRLM1	YTG102	BY4741 SMP1::Smp1-Mnase RLM1::kanMX	GPL27812	Illumina NovaSeq 6000	GSM5417812_Smp1_dRLM1_rpt1.out.txt.gz
GSM5417813	Mig2_dMIG3_rpt1	Mig2_dMIG3	YTG106	BY4741 MIG2::Mig2-Mnase(kanMX) MIG3::natNT2	GPL27812	Illumina NovaSeq 6000	GSM5417813_Mig2_dMIG3_rpt1.out.txt.gz
GSM5417814	Nrg1_dNRG2_rpt1	Nrg1_dNRG2	YTG109	BY4741 NRG1::Nrg1-Mnase(kanMX) NRG2::natNT2	GPL27812	Illumina NovaSeq 6000	GSM5417814_Nrg1_dNRG2_rpt1.out.txt.gz
GSM5417815	Nrg2_dNRG1_rpt1	Nrg2_dNRG1	YTG110	BY4741 NRG2::Nrg2-Mnase(kanMX) NRG1::natNT2	GPL27812	Illumina NovaSeq 6000	GSM5417815_Nrg2_dNRG1_rpt1.out.txt.gz
GSM5417816	Fkh1_dFKH2_rpt1	Fkh1_dFKH2	YTG115	BY4741 FKH1::Fkh1-Mnase(kanMX) FKH2::natNT2	GPL27812	Illumina NovaSeq 6000	GSM5417816_Fkh1_dFKH2_rpt1.out.txt.gz
GSM5417817	Fkh2_dFKH1_rpt1	Fkh2_dFKH1	YTG116	BY4741 FKH2::Fkh2-Mnase(kanMX) FKH1::natNT2	GPL27812	Illumina NovaSeq 6000	GSM5417817_Fkh2_dFKH1_rpt1.out.txt.gz
GSM5417818	Ace2_dSWI5_rpt1	Ace2_dSWI5	YTG113	BY4741 ACE2::Ace2-Mnase(kanMX) SWI5::LEU	GPL27812	Illumina NovaSeq 6000	GSM5417818_Ace2_dSWI5_rpt1.out.txt.gz
GSM5417819	Swi5_dACE2_rpt1	Swi5_dACE2	YTG114	BY4741 SWI5::Swi5-Mnase(kanMX) ACE2::LEU	GPL27812	Illumina NovaSeq 6000	GSM5417819_Swi5_dACE2_rpt1.out.txt.gz
GSM5417820	Fkh1_rpt1	Fkh1	YTG60	BY4741 FKH1::Fkh1-Mnase(kanMX)	GPL27812	Illumina NovaSeq 6000	GSM5417820_Fkh1_rpt1.out.txt.gz
GSM5417821	Fkh2_rpt1	Fkh2	YTG61	BY4741 FKH2::Fkh2-Mnase(kanMX)	GPL27812	Illumina NovaSeq 6000	GSM5417821_Fkh2_rpt1.out.txt.gz
GSM5417822	Ace2_rpt1	Ace2	YTG58	BY4741 ACE2::Ace2-Mnase(kanMX), ho::Nat-GFP	GPL27812	Illumina NovaSeq 6000	GSM5417822_Ace2_rpt1.out.txt.gz
GSM5417823	Swi5_rpt1	Swi5	YTG59	BY4741 SWI5::Swi5-Mnase(kanMX) , ho::Nat-GFP	GPL27812	Illumina NovaSeq 6000	GSM5417823_Swi5_rpt1.out.txt.gz
GSM5417824	Dal80_dGZF3_rpt1	Dal80_dGZF3	YTG97	BY4741 DAL80::Dal80-Mnase GZF3::kanMX	GPL27812	Illumina NovaSeq 6000	GSM5417824_Dal80_dGZF3_rpt1.out.txt.gz
GSM5417825	Met31_dMET32_rpt3	Met31_dMET32	YTG65	BY4741 MET31::Met31-Mnase MET32::kanMX	GPL27812	Illumina NovaSeq 6000	GSM5417825_Met31_dMET32_rpt3.out.txt.gz
GSM5417826	Met32_dMET31_rpt2	Met32_dMET31	YTG66	BY4741 MET32::Met32-Mnase MET31::kanMX	GPL27812	Illumina NovaSeq 6000	GSM5417826_Met32_dMET31_rpt2.out.txt.gz
GSM5417827	Sut1_dSUT2_rpt2	Sut1_dSUT2	YTG73	BY4741 SUT1::Sut1-Mnase SUT2::kanMX	GPL27812	Illumina NovaSeq 6000	GSM5417827_Sut1_dSUT2_rpt2.out.txt.gz
GSM5417828	Sut2_dSUT1_rpt2	Sut2_dSUT1	YTG74	BY4741 SUT2::Sut2-Mnase SUT1::kanMX	GPL27812	Illumina NovaSeq 6000	GSM5417828_Sut2_dSUT1_rpt2.out.txt.gz
GSM5417829	Stp1_dSTP2_rpt2	Stp1_dSTP2	YTG63	BY4741 STP1::Stp1-Mnase STP2::kanMX	GPL27812	Illumina NovaSeq 6000	GSM5417829_Stp1_dSTP2_rpt2.out.txt.gz
GSM5417830	Mig2_dMIG3_rpt2	Mig2_dMIG3	YTG106	BY4741 MIG2::Mig2-Mnase(kanMX) MIG3::natNT2	GPL27812	Illumina NovaSeq 6000	GSM5417830_Mig2_dMIG3_rpt2.out.txt.gz
GSM5417831	Nrg1_dNRG2_rpt2	Nrg1_dNRG2	YTG109	BY4741 NRG1::Nrg1-Mnase(kanMX) NRG2::natNT2	GPL27812	Illumina NovaSeq 6000	GSM5417831_Nrg1_dNRG2_rpt2.out.txt.gz
GSM5417832	Nrg2_dNRG1_rpt2	Nrg2_dNRG1	YTG110	BY4741 NRG2::Nrg2-Mnase(kanMX) NRG1::natNT2	GPL27812	Illumina NovaSeq 6000	GSM5417832_Nrg2_dNRG1_rpt2.out.txt.gz
GSM5417833	Fkh1_dFKH2_rpt2	Fkh1_dFKH2	YTG115	BY4741 FKH1::Fkh1-Mnase(kanMX) FKH2::natNT2	GPL27812	Illumina NovaSeq 6000	GSM5417833_Fkh1_dFKH2_rpt2.out.txt.gz
GSM5417834	Fkh2_dFKH1_rpt2	Fkh2_dFKH1	YTG116	BY4741 FKH2::Fkh2-Mnase(kanMX) FKH1::natNT2	GPL27812	Illumina NovaSeq 6000	GSM5417834_Fkh2_dFKH1_rpt2.out.txt.gz
GSM5417835	Ace2_dSWI5_rpt2	Ace2_dSWI5	YTG113	BY4741 ACE2::Ace2-Mnase(kanMX) SWI5::LEU	GPL27812	Illumina NovaSeq 6000	GSM5417835_Ace2_dSWI5_rpt2.out.txt.gz
GSM5417836	Swi5_dACE2_rpt2	Swi5_dACE2	YTG114	BY4741 SWI5::Swi5-Mnase(kanMX) ACE2::LEU	GPL27812	Illumina NovaSeq 6000	GSM5417836_Swi5_dACE2_rpt2.out.txt.gz
GSM5417837	Fkh1_rpt2	Fkh1	YTG60	BY4741 FKH1::Fkh1-Mnase(kanMX)	GPL27812	Illumina NovaSeq 6000	GSM5417837_Fkh1_rpt2.out.txt.gz
GSM5417838	Fkh2_rpt2	Fkh2	YTG61	BY4741 FKH2::Fkh2-Mnase(kanMX)	GPL27812	Illumina NovaSeq 6000	GSM5417838_Fkh2_rpt2.out.txt.gz
GSM5417839	Ace2_rpt2	Ace2	YTG58	BY4741 ACE2::Ace2-Mnase(kanMX), ho::Nat-GFP	GPL27812	Illumina NovaSeq 6000	GSM5417839_Ace2_rpt2.out.txt.gz
GSM5417840	Swi5_rpt2	Swi5	YTG59	BY4741 SWI5::Swi5-Mnase(kanMX) , ho::Nat-GFP	GPL27812	Illumina NovaSeq 6000	GSM5417840_Swi5_rpt2.out.txt.gz
GSM5417841	Dal80_dGZF3_rpt2	Dal80_dGZF3	YTG97	BY4741 DAL80::Dal80-Mnase GZF3::kanMX	GPL27812	Illumina NovaSeq 6000	GSM5417841_Dal80_dGZF3_rpt2.out.txt.gz
GSM5417842	Yap1_lactis_rpt3	Yap1_lactis	YTG148	BY4741 YAP1::K.lactis A01760-Mnase(kanMX) YAP2::natNT2	GPL27812	Illumina NovaSeq 6000	GSM5417842_Yap1_lactis_rpt3.out.txt.gz
GSM5417843	Gzf3_lactis_rpt3	Gzf3_lactis	YTG143	BY4741 GZF3::K.lactis F21296-Mnase DAL80::kanMX	GPL27812	Illumina NovaSeq 6000	GSM5417843_Gzf3_lactis_rpt3.out.txt.gz
GSM5417844	Rlm1_lactis_rpt1	Rlm1_lactis	YTG145	BY4741 RLM1::K.lactis E24025-Mnase SMP1::kanMX	GPL27812	Illumina NovaSeq 6000	GSM5417844_Rlm1_lactis_rpt1.out.txt.gz
GSM5417845	Tos8_dCUP9_rpt2	Tos8_dCUP9	YTG101	BY4741 TOS8::Tos8-Mnase CUP9::kanMX	GPL27812	Illumina NovaSeq 6000	GSM5417845_Tos8_dCUP9_rpt2.out.txt.gz
GSM5417846	Tda9_dRSF2_rpt3	Tda9_dRSF2	YTG67	BY4741 TDA9::Tda9-Mnase RSF2::kanMX	GPL27812	Illumina NovaSeq 6000	GSM5417846_Tda9_dRSF2_rpt3.out.txt.gz
GSM5417847	Yap5_dYAP7_rpt1	Yap5_dYAP7	YTG87	BY4741 YAP5::Yap5-Mnase YAP7::kanMX	GPL27812	Illumina NovaSeq 6000	GSM5417847_Yap5_dYAP7_rpt1.out.txt.gz
GSM5417848	Yap7_dYAP5_rpt1	Yap7_dYAP5	YTG88	BY4741 YAP7::Yap7-Mnase YAP5::kanMX	GPL27812	Illumina NovaSeq 6000	GSM5417848_Yap7_dYAP5_rpt1.out.txt.gz
GSM5417849	Dal80_dGZF3_rpt3	Dal80_dGZF3	YTG97	BY4741 DAL80::Dal80-Mnase GZF3::kanMX	GPL27812	Illumina NovaSeq 6000	GSM5417849_Dal80_dGZF3_rpt3.out.txt.gz
GSM5417850	Yap1_lactis_rpt4	Yap1_lactis	YTG148	BY4741 YAP1::K.lactis A01760-Mnase(kanMX) YAP2::natNT2	GPL27812	Illumina NovaSeq 6000	GSM5417850_Yap1_lactis_rpt4.out.txt.gz
GSM5417851	Swi5_lactis_rpt1	Swi5_lactis	YTG149	BY4741 SWI5::K.lactis D16456-Mnase(kanMX) ACE2::LEU	GPL27812	Illumina NovaSeq 6000	GSM5417851_Swi5_lactis_rpt1.out.txt.gz
GSM5417852	Gzf3_lactis_rpt4	Gzf3_lactis	YTG143	BY4741 GZF3::K.lactis F21296-Mnase DAL80::kanMX	GPL27812	Illumina NovaSeq 6000	GSM5417852_Gzf3_lactis_rpt4.out.txt.gz
GSM5417853	Rlm1_lactis_rpt2	Rlm1_lactis	YTG145	BY4741 RLM1::K.lactis E24025-Mnase SMP1::kanMX	GPL27812	Illumina NovaSeq 6000	GSM5417853_Rlm1_lactis_rpt2.out.txt.gz
GSM5417854	Tos8_dCUP9_rpt3	Tos8_dCUP9	YTG101	BY4741 TOS8::Tos8-Mnase CUP9::kanMX	GPL27812	Illumina NovaSeq 6000	GSM5417854_Tos8_dCUP9_rpt3.out.txt.gz
GSM5417855	Tda9_dRSF2_rpt4	Tda9_dRSF2	YTG67	BY4741 TDA9::Tda9-Mnase RSF2::kanMX	GPL27812	Illumina NovaSeq 6000	GSM5417855_Tda9_dRSF2_rpt4.out.txt.gz
GSM5417856	Rsf2_dTDA9_rpt1	Rsf2_dTDA9	YTG68	BY4741 RSF2::Rsf2-Mnase TDA9::kanMX	GPL27812	Illumina NovaSeq 6000	GSM5417856_Rsf2_dTDA9_rpt1.out.txt.gz
GSM5417857	Yap5_dYAP7_rpt2	Yap5_dYAP7	YTG87	BY4741 YAP5::Yap5-Mnase YAP7::kanMX	GPL27812	Illumina NovaSeq 6000	GSM5417857_Yap5_dYAP7_rpt2.out.txt.gz
GSM5417858	Yrr1_Pdr8_DBD_rpt1	Yrr1_Pdr8_DBD	YTG123	BY4741 YRR1::Yrr1-Pdr8DBD-Mnase	GPL27812	Illumina NovaSeq 6000	GSM5417858_Yrr1_Pdr8_DBD_rpt1.out.txt.gz
GSM5417859	Tos8_Cup9_DBD_rpt1	Tos8_Cup9_DBD	YTG128	BY4741 TOS8::Tos8-Cup9DBD-Mnase	GPL27812	Illumina NovaSeq 6000	GSM5417859_Tos8_Cup9_DBD_rpt1.out.txt.gz
GSM5417860	Upc2_Ecm22_DBD_rpt1	Upc2_Ecm22_DBD	YTG121	BY4741 UPC2::Upc2-Ecm22DBD-Mnase	GPL27812	Illumina NovaSeq 6000	GSM5417860_Upc2_Ecm22_DBD_rpt1.out.txt.gz
GSM5417861	Fkh1_Fkh2_DBD_rpt1	Fkh1_Fkh2_DBD	YTG132	BY4741 FKH1::Fkh1-Fkh2DBD-Mnase	GPL27812	Illumina NovaSeq 6000	GSM5417861_Fkh1_Fkh2_DBD_rpt1.out.txt.gz
GSM5417862	Gis1_Rph1_DBD_rpt1	Gis1_Rph1_DBD	YTG118	BY4741 GIS1::Gis1-Rph1DBD-Mnase	GPL27812	Illumina NovaSeq 6000	GSM5417862_Gis1_Rph1_DBD_rpt1.out.txt.gz
GSM5417863	Rph1_Gis1_DBD_rpt1	Rph1_Gis1_DBD	YTG119	BY4741 RPH1::Rph1-Gis1DBD-Mnase	GPL27812	Illumina NovaSeq 6000	GSM5417863_Rph1_Gis1_DBD_rpt1.out.txt.gz
GSM5417864	Tod6_Dot6_DBD_rpt1	Tod6_Dot6_DBD	YTG125	BY4741 TOD6::Tod6-Dot6DBD-Mnase	GPL27812	Illumina NovaSeq 6000	GSM5417864_Tod6_Dot6_DBD_rpt1.out.txt.gz
GSM5417865	Vhr1_Vhr2_DBD_rpt1	Vhr1_Vhr2_DBD	YTG129	BY4741 VHR1::Vhr1-Vhr2DBD-Mnase	GPL27812	Illumina NovaSeq 6000	GSM5417865_Vhr1_Vhr2_DBD_rpt1.out.txt.gz
GSM5417866	Vhr2_Vhr1_DBD_rpt1	Vhr2_Vhr1_DBD	YTG130	BY4741 VHR2::Vhr2-Vhr1DBD-Mnase	GPL27812	Illumina NovaSeq 6000	GSM5417866_Vhr2_Vhr1_DBD_rpt1.out.txt.gz
GSM5417867	Pdr8_Yrr1_DBD_rpt1	Pdr8_Yrr1_DBD	YTG122	BY4741 PDR8::Pdr8-Yrr1DBD-Mnase	GPL27812	Illumina NovaSeq 6000	GSM5417867_Pdr8_Yrr1_DBD_rpt1.out.txt.gz
GSM5417868	Yrr1_Pdr8_DBD_rpt2	Yrr1_Pdr8_DBD	YTG123	BY4741 YRR1::Yrr1-Pdr8DBD-Mnase	GPL27812	Illumina NovaSeq 6000	GSM5417868_Yrr1_Pdr8_DBD_rpt2.out.txt.gz
GSM5417869	Tos8_Cup9_DBD_rpt2	Tos8_Cup9_DBD	YTG128	BY4741 TOS8::Tos8-Cup9DBD-Mnase	GPL27812	Illumina NovaSeq 6000	GSM5417869_Tos8_Cup9_DBD_rpt2.out.txt.gz
GSM5417870	Yox1_Yhp1_DBD_rpt1	Yox1_Yhp1_DBD	YTG127	BY4741 YOX1::Yox1-Yhp1DBD-Mnase	GPL27812	Illumina NovaSeq 6000	GSM5417870_Yox1_Yhp1_DBD_rpt1.out.txt.gz
GSM5417871	Upc2_Ecm22_DBD_rpt2	Upc2_Ecm22_DBD	YTG121	BY4741 UPC2::Upc2-Ecm22DBD-Mnase	GPL27812	Illumina NovaSeq 6000	GSM5417871_Upc2_Ecm22_DBD_rpt2.out.txt.gz
GSM5417872	Fkh1_Fkh2_DBD_rpt2	Fkh1_Fkh2_DBD	YTG132	BY4741 FKH1::Fkh1-Fkh2DBD-Mnase	GPL27812	Illumina NovaSeq 6000	GSM5417872_Fkh1_Fkh2_DBD_rpt2.out.txt.gz
GSM5417873	Swi5_Ace2_DBD_rpt1	Swi5_Ace2_DBD	YTG131	BY4741 SWI5::Swi5-Ace2DBD-Mnase	GPL27812	Illumina NovaSeq 6000	GSM5417873_Swi5_Ace2_DBD_rpt1.out.txt.gz
GSM5417874	Gis1_Rph1_DBD_rpt2	Gis1_Rph1_DBD	YTG118	BY4741 GIS1::Gis1-Rph1DBD-Mnase	GPL27812	Illumina NovaSeq 6000	GSM5417874_Gis1_Rph1_DBD_rpt2.out.txt.gz
GSM5417875	Rph1_Gis1_DBD_rpt2	Rph1_Gis1_DBD	YTG119	BY4741 RPH1::Rph1-Gis1DBD-Mnase	GPL27812	Illumina NovaSeq 6000	GSM5417875_Rph1_Gis1_DBD_rpt2.out.txt.gz
GSM5417876	Fkh2_Fkh1_DBD_rpt1	Fkh2_Fkh1_DBD	YTG133	BY4741 FKH2::Fkh2-Fkh1DBD-Mnase	GPL27812	Illumina NovaSeq 6000	GSM5417876_Fkh2_Fkh1_DBD_rpt1.out.txt.gz
GSM5417877	Vhr1_Vhr2_DBD_rpt2	Vhr1_Vhr2_DBD	YTG129	BY4741 VHR1::Vhr1-Vhr2DBD-Mnase	GPL27812	Illumina NovaSeq 6000	GSM5417877_Vhr1_Vhr2_DBD_rpt2.out.txt.gz
GSM5417878	Vhr2_Vhr1_DBD_rpt2	Vhr2_Vhr1_DBD	YTG130	BY4741 VHR2::Vhr2-Vhr1DBD-Mnase	GPL27812	Illumina NovaSeq 6000	GSM5417878_Vhr2_Vhr1_DBD_rpt2.out.txt.gz
GSM5417879	Yrr1_Pdr8_DBD_rpt3	Yrr1_Pdr8_DBD	YTG123	BY4741 YRR1::Yrr1-Pdr8DBD-Mnase	GPL27812	Illumina NovaSeq 6000	GSM5417879_Yrr1_Pdr8_DBD_rpt3.out.txt.gz
GSM5417880	Pdr8_Yrr1_DBD_rpt2	Pdr8_Yrr1_DBD	YTG122	BY4741 PDR8::Pdr8-Yrr1DBD-Mnase	GPL27812	Illumina NovaSeq 6000	GSM5417880_Pdr8_Yrr1_DBD_rpt2.out.txt.gz
GSM5417881	Upc2_Ecm22_DBD_rpt3	Upc2_Ecm22_DBD	YTG121	BY4741 UPC2::Upc2-Ecm22DBD-Mnase	GPL27812	Illumina NovaSeq 6000	GSM5417881_Upc2_Ecm22_DBD_rpt3.out.txt.gz
GSM5417882	Yox1_Yhp1_DBD_rpt2	Yox1_Yhp1_DBD	YTG127	BY4741 YOX1::Yox1-Yhp1DBD-Mnase	GPL27812	Illumina NovaSeq 6000	GSM5417882_Yox1_Yhp1_DBD_rpt2.out.txt.gz
GSM5417883	Fkh1_Fkh2_DBD_rpt3	Fkh1_Fkh2_DBD	YTG132	BY4741 FKH1::Fkh1-Fkh2DBD-Mnase	GPL27812	Illumina NovaSeq 6000	GSM5417883_Fkh1_Fkh2_DBD_rpt3.out.txt.gz
GSM5417884	Fkh2_Fkh1_DBD_rpt2	Fkh2_Fkh1_DBD	YTG133	BY4741 FKH2::Fkh2-Fkh1DBD-Mnase	GPL27812	Illumina NovaSeq 6000	GSM5417884_Fkh2_Fkh1_DBD_rpt2.out.txt.gz
GSM5417885	Gis1_Rph1_DBD_rpt3	Gis1_Rph1_DBD	YTG118	BY4741 GIS1::Gis1-Rph1DBD-Mnase	GPL27812	Illumina NovaSeq 6000	GSM5417885_Gis1_Rph1_DBD_rpt3.out.txt.gz
GSM5417886	Swi5_Ace2_DBD_rpt2	Swi5_Ace2_DBD	YTG131	BY4741 SWI5::Swi5-Ace2DBD-Mnase	GPL27812	Illumina NovaSeq 6000	GSM5417886_Swi5_Ace2_DBD_rpt2.out.txt.gz
GSM5417887	Rph1_Gis1_DBD_rpt3	Rph1_Gis1_DBD	YTG119	BY4741 RPH1::Rph1-Gis1DBD-Mnase	GPL27812	Illumina NovaSeq 6000	GSM5417887_Rph1_Gis1_DBD_rpt3.out.txt.gz
GSM5417888	Dot6_Tod6_DBD_rpt1	Dot6_Tod6_DBD	YTG124	BY4741 DOT6::Dot6-Tod6DBD-Mnase	GPL27812	Illumina NovaSeq 6000	GSM5417888_Dot6_Tod6_DBD_rpt1.out.txt.gz
GSM5417889	Tod6_Dot6_DBD_rpt2	Tod6_Dot6_DBD	YTG125	BY4741 TOD6::Tod6-Dot6DBD-Mnase	GPL27812	Illumina NovaSeq 6000	GSM5417889_Tod6_Dot6_DBD_rpt2.out.txt.gz
GSM5417890	Tos8_Cup9_DBD_rpt3	Tos8_Cup9_DBD	YTG128	BY4741 TOS8::Tos8-Cup9DBD-Mnase	GPL27812	Illumina NovaSeq 6000	GSM5417890_Tos8_Cup9_DBD_rpt3.out.txt.gz
GSM5417891	Yhp1_Yox1_DBD_rpt1	Yhp1_Yox1_DBD	YTG126	BY4741 YHP1::Yhp1-Yox1DBD-Mnase	GPL27812	Illumina NovaSeq 6000	GSM5417891_Yhp1_Yox1_DBD_rpt1.out.txt.gz
GSM5417892	Ecm22_Upc2_DBD_rpt1	Ecm22_Upc2_DBD	YTG120	BY4741 ECM22::Ecm22-Upc2DBD-Mnase	GPL27812	Illumina NovaSeq 6000	GSM5417892_Ecm22_Upc2_DBD_rpt1.out.txt.gz
GSM5417893	Yhp1_lactis_rpt1	Yhp1_lactis	YTG142	BY4741 YHP1::K.lactis B01584-Mnase YOX1::kanMX	GPL27812	Illumina NovaSeq 6000	GSM5417893_Yhp1_lactis_rpt1.out.txt.gz
GSM5417894	Smp1_dRLM1_rpt2	Smp1_dRLM1	YTG102	BY4741 SMP1::Smp1-Mnase RLM1::kanMX	GPL27812	Illumina NovaSeq 6000	GSM5417894_Smp1_dRLM1_rpt2.out.txt.gz
GSM5417895	Stp2_dSTP1_rpt1	Stp2_dSTP1	YTG64	BY4741 STP2::Stp2-Mnase STP1::kanMX	GPL27812	Illumina NovaSeq 6000	GSM5417895_Stp2_dSTP1_rpt1.out.txt.gz
GSM5417896	Vhr1_Vhr2_DBD_rpt3	Vhr1_Vhr2_DBD	YTG129	BY4741 VHR1::Vhr1-Vhr2DBD-Mnase	GPL27812	Illumina NovaSeq 6000	GSM5417896_Vhr1_Vhr2_DBD_rpt3.out.txt.gz
GSM5417897	Vhr2_Vhr1_DBD_rpt3	Vhr2_Vhr1_DBD	YTG130	BY4741 VHR2::Vhr2-Vhr1DBD-Mnase	GPL27812	Illumina NovaSeq 6000	GSM5417897_Vhr2_Vhr1_DBD_rpt3.out.txt.gz
GSM5417898	Yrr1_Pdr8_DBD_rpt4	Yrr1_Pdr8_DBD	YTG123	BY4741 YRR1::Yrr1-Pdr8DBD-Mnase	GPL27812	Illumina NovaSeq 6000	GSM5417898_Yrr1_Pdr8_DBD_rpt4.out.txt.gz
GSM5417899	Pdr8_Yrr1_DBD_rpt3	Pdr8_Yrr1_DBD	YTG122	BY4741 PDR8::Pdr8-Yrr1DBD-Mnase	GPL27812	Illumina NovaSeq 6000	GSM5417899_Pdr8_Yrr1_DBD_rpt3.out.txt.gz
GSM5417900	Upc2_Ecm22_DBD_rpt4	Upc2_Ecm22_DBD	YTG121	BY4741 UPC2::Upc2-Ecm22DBD-Mnase	GPL27812	Illumina NovaSeq 6000	GSM5417900_Upc2_Ecm22_DBD_rpt4.out.txt.gz
GSM5417901	Yox1_Yhp1_DBD_rpt3	Yox1_Yhp1_DBD	YTG127	BY4741 YOX1::Yox1-Yhp1DBD-Mnase	GPL27812	Illumina NovaSeq 6000	GSM5417901_Yox1_Yhp1_DBD_rpt3.out.txt.gz
GSM5417902	Fkh1_Fkh2_DBD_rpt4	Fkh1_Fkh2_DBD	YTG132	BY4741 FKH1::Fkh1-Fkh2DBD-Mnase	GPL27812	Illumina NovaSeq 6000	GSM5417902_Fkh1_Fkh2_DBD_rpt4.out.txt.gz
GSM5417903	Fkh2_Fkh1_DBD_rpt3	Fkh2_Fkh1_DBD	YTG133	BY4741 FKH2::Fkh2-Fkh1DBD-Mnase	GPL27812	Illumina NovaSeq 6000	GSM5417903_Fkh2_Fkh1_DBD_rpt3.out.txt.gz
GSM5417904	Gis1_Rph1_DBD_rpt4	Gis1_Rph1_DBD	YTG118	BY4741 GIS1::Gis1-Rph1DBD-Mnase	GPL27812	Illumina NovaSeq 6000	GSM5417904_Gis1_Rph1_DBD_rpt4.out.txt.gz
GSM5417905	Swi5_Ace2_DBD_rpt3	Swi5_Ace2_DBD	YTG131	BY4741 SWI5::Swi5-Ace2DBD-Mnase	GPL27812	Illumina NovaSeq 6000	GSM5417905_Swi5_Ace2_DBD_rpt3.out.txt.gz
GSM5417906	Rph1_Gis1_DBD_rpt4	Rph1_Gis1_DBD	YTG119	BY4741 RPH1::Rph1-Gis1DBD-Mnase	GPL27812	Illumina NovaSeq 6000	GSM5417906_Rph1_Gis1_DBD_rpt4.out.txt.gz
GSM5417907	Dot6_Tod6_DBD_rpt2	Dot6_Tod6_DBD	YTG124	BY4741 DOT6::Dot6-Tod6DBD-Mnase	GPL27812	Illumina NovaSeq 6000	GSM5417907_Dot6_Tod6_DBD_rpt2.out.txt.gz
GSM5417908	Tod6_Dot6_DBD_rpt3	Tod6_Dot6_DBD	YTG125	BY4741 TOD6::Tod6-Dot6DBD-Mnase	GPL27812	Illumina NovaSeq 6000	GSM5417908_Tod6_Dot6_DBD_rpt3.out.txt.gz
GSM5417909	Tos8_Cup9_DBD_rpt4	Tos8_Cup9_DBD	YTG128	BY4741 TOS8::Tos8-Cup9DBD-Mnase	GPL27812	Illumina NovaSeq 6000	GSM5417909_Tos8_Cup9_DBD_rpt4.out.txt.gz
GSM5417910	Yhp1_Yox1_DBD_rpt2	Yhp1_Yox1_DBD	YTG126	BY4741 YHP1::Yhp1-Yox1DBD-Mnase	GPL27812	Illumina NovaSeq 6000	GSM5417910_Yhp1_Yox1_DBD_rpt2.out.txt.gz
GSM5417911	Ecm22_Upc2_DBD_rpt2	Ecm22_Upc2_DBD	YTG120	BY4741 ECM22::Ecm22-Upc2DBD-Mnase	GPL27812	Illumina NovaSeq 6000	GSM5417911_Ecm22_Upc2_DBD_rpt2.out.txt.gz
GSM5417912	Nrg2_lactis_rpt1	Nrg2_lactis	YTG147	BY4741 NRG2::K.lactis F18524-Mnase(kanMX) NRG1::natNT2	GPL27812	Illumina NovaSeq 6000	GSM5417912_Nrg2_lactis_rpt1.out.txt.gz
GSM5417913	Yhp1_lactis_rpt2	Yhp1_lactis	YTG142	BY4741 YHP1::K.lactis B01584-Mnase YOX1::kanMX	GPL27812	Illumina NovaSeq 6000	GSM5417913_Yhp1_lactis_rpt2.out.txt.gz
GSM5417914	Smp1_dRLM1_rpt3	Smp1_dRLM1	YTG102	BY4741 SMP1::Smp1-Mnase RLM1::kanMX	GPL27812	Illumina NovaSeq 6000	GSM5417914_Smp1_dRLM1_rpt3.out.txt.gz
GSM5417915	Dal80_dGZF3_rpt4	Dal80_dGZF3	YTG97	BY4741 DAL80::Dal80-Mnase GZF3::kanMX	GPL27812	Illumina NovaSeq 6000	GSM5417915_Dal80_dGZF3_rpt4.out.txt.gz
GSM5417916	Sut2_dSUT1_rpt3	Sut2_dSUT1	YTG74	BY4741 SUT2::Sut2-Mnase SUT1::kanMX	GPL27812	Illumina NovaSeq 6000	GSM5417916_Sut2_dSUT1_rpt3.out.txt.gz
GSM5417917	Stp2_dSTP1_rpt2	Stp2_dSTP1	YTG64	BY4741 STP2::Stp2-Mnase STP1::kanMX	GPL27812	Illumina NovaSeq 6000	GSM5417917_Stp2_dSTP1_rpt2.out.txt.gz
GSM5417918	Rsf2_dTDA9_rpt2	Rsf2_dTDA9	YTG68	BY4741 RSF2::Rsf2-Mnase TDA9::kanMX	GPL27812	Illumina NovaSeq 6000	GSM5417918_Rsf2_dTDA9_rpt2.out.txt.gz
GSM5417919	Mig3_dMIG2_rpt1	Mig3_dMIG2	YTG107	BY4741 MIG3::Mig3-Mnase(kanMX) MIG2::natNT2	GPL27812	Illumina NovaSeq 6000	GSM5417919_Mig3_dMIG2_rpt1.out.txt.gz
GSM5417920	Yap7_dYAP5_rpt2	Yap7_dYAP5	YTG88	BY4741 YAP7::Yap7-Mnase YAP5::kanMX	GPL27812	Illumina NovaSeq 6000	GSM5417920_Yap7_dYAP5_rpt2.out.txt.gz
GSM5417921	Swi5_lactis_rpt2	Swi5_lactis	YTG149	BY4741 SWI5::K.lactis D16456-Mnase(kanMX) ACE2::LEU	GPL27812	Illumina NovaSeq 6000	GSM5417921_Swi5_lactis_rpt2.out.txt.gz
GSM5417922	Dot6_lactis_rpt3	Dot6_lactis	YTG141	BY4741 DOT6::K.lactis E19933-Mnase TOD6::kanMX	GPL27812	Illumina NovaSeq 6000	GSM5417922_Dot6_lactis_rpt3.out.txt.gz
GSM5417923	Tbs1_lactis_rpt2	Tbs1_lactis	YTG137	BY4741 TBS1::K.lactis F02750-Mnase HAL9::kanMX	GPL27812	Illumina NovaSeq 6000	GSM5417923_Tbs1_lactis_rpt2.out.txt.gz
GSM5417924	Yhp1_lactis_rpt3	Yhp1_lactis	YTG142	BY4741 YHP1::K.lactis B01584-Mnase YOX1::kanMX	GPL27812	Illumina NovaSeq 6000	GSM5417924_Yhp1_lactis_rpt3.out.txt.gz
GSM5417925	Upc2_lactis_rpt1	Upc2_lactis	YTG139	BY4741 UPC2::K.lactis A04169-Mnase ECM22::kanMX	GPL27812	Illumina NovaSeq 6000	GSM5417925_Upc2_lactis_rpt1.out.txt.gz
GSM5417926	Yap7_lactis_rpt1	Yap7_lactis	YTG140	BY4741 YAP7::K.lactis D14399-Mnase YAP5::kanMX	GPL27812	Illumina NovaSeq 6000	GSM5417926_Yap7_lactis_rpt1.out.txt.gz
GSM5417927	Nrg2_lactis_rpt2	Nrg2_lactis	YTG147	BY4741 NRG2::K.lactis F18524-Mnase(kanMX) NRG1::natNT2	GPL27812	Illumina NovaSeq 6000	GSM5417927_Nrg2_lactis_rpt2.out.txt.gz
GSM5417928	Mga2_dSPT23_rpt1	Mga2_dSPT23	YTG89	BY4741 MGA2::Mga2-Mnase SPT23::kanMX	GPL27812	Illumina NovaSeq 6000	GSM5417928_Mga2_dSPT23_rpt1.out.txt.gz
GSM5417929	Dal80_dGZF3_rpt5	Dal80_dGZF3	YTG97	BY4741 DAL80::Dal80-Mnase GZF3::kanMX	GPL27812	Illumina NovaSeq 6000	GSM5417929_Dal80_dGZF3_rpt5.out.txt.gz
GSM5417930	Stp2_dSTP1_rpt3	Stp2_dSTP1	YTG64	BY4741 STP2::Stp2-Mnase STP1::kanMX	GPL27812	Illumina NovaSeq 6000	GSM5417930_Stp2_dSTP1_rpt3.out.txt.gz
GSM5417931	Rsf2_dTDA9_rpt3	Rsf2_dTDA9	YTG68	BY4741 RSF2::Rsf2-Mnase TDA9::kanMX	GPL27812	Illumina NovaSeq 6000	GSM5417931_Rsf2_dTDA9_rpt3.out.txt.gz
GSM5417932	Mig3_dMIG2_rpt2	Mig3_dMIG2	YTG107	BY4741 MIG3::Mig3-Mnase(kanMX) MIG2::natNT2	GPL27812	Illumina NovaSeq 6000	GSM5417932_Mig3_dMIG2_rpt2.out.txt.gz
GSM5417933	Yap7_dYAP5_rpt3	Yap7_dYAP5	YTG88	BY4741 YAP7::Yap7-Mnase YAP5::kanMX	GPL27812	Illumina NovaSeq 6000	GSM5417933_Yap7_dYAP5_rpt3.out.txt.gz
GSM5417934	Swi5_lactis_rpt3	Swi5_lactis	YTG149	BY4741 SWI5::K.lactis D16456-Mnase(kanMX) ACE2::LEU	GPL27812	Illumina NovaSeq 6000	GSM5417934_Swi5_lactis_rpt3.out.txt.gz
GSM5417935	Dot6_lactis_rpt4	Dot6_lactis	YTG141	BY4741 DOT6::K.lactis E19933-Mnase TOD6::kanMX	GPL27812	Illumina NovaSeq 6000	GSM5417935_Dot6_lactis_rpt4.out.txt.gz
GSM5417936	Tbs1_lactis_rpt3	Tbs1_lactis	YTG137	BY4741 TBS1::K.lactis F02750-Mnase HAL9::kanMX	GPL27812	Illumina NovaSeq 6000	GSM5417936_Tbs1_lactis_rpt3.out.txt.gz
GSM5417937	Yhp1_lactis_rpt4	Yhp1_lactis	YTG142	BY4741 YHP1::K.lactis B01584-Mnase YOX1::kanMX	GPL27812	Illumina NovaSeq 6000	GSM5417937_Yhp1_lactis_rpt4.out.txt.gz
GSM5417938	Upc2_lactis_rpt2	Upc2_lactis	YTG139	BY4741 UPC2::K.lactis A04169-Mnase ECM22::kanMX	GPL27812	Illumina NovaSeq 6000	GSM5417938_Upc2_lactis_rpt2.out.txt.gz
GSM5417939	Yap7_lactis_rpt2	Yap7_lactis	YTG140	BY4741 YAP7::K.lactis D14399-Mnase YAP5::kanMX	GPL27812	Illumina NovaSeq 6000	GSM5417939_Yap7_lactis_rpt2.out.txt.gz
GSM5417940	Nrg2_lactis_rpt3	Nrg2_lactis	YTG147	BY4741 NRG2::K.lactis F18524-Mnase(kanMX) NRG1::natNT2	GPL27812	Illumina NovaSeq 6000	GSM5417940_Nrg2_lactis_rpt3.out.txt.gz
GSM5417941	Mga2_dSPT23_rpt2	Mga2_dSPT23	YTG89	BY4741 MGA2::Mga2-Mnase SPT23::kanMX	GPL27812	Illumina NovaSeq 6000	GSM5417941_Mga2_dSPT23_rpt2.out.txt.gz
GSM5417942	Yap7_dYAP5_rpt4	Yap7_dYAP5	YTG88	BY4741 YAP7::Yap7-Mnase YAP5::kanMX	GPL27812	Illumina NovaSeq 6000	GSM5417942_Yap7_dYAP5_rpt4.out.txt.gz
GSM5417943	Yap7_lactis_rpt3	Yap7_lactis	YTG140	BY4741 YAP7::K.lactis D14399-Mnase YAP5::kanMX	GPL27812	Illumina NovaSeq 6000	GSM5417943_Yap7_lactis_rpt3.out.txt.gz
GSM5417944	Dot6_rpt3	Dot6	YTG36	BY4741 DOT6::Dot6-Mnase	GPL27812	Illumina NovaSeq 6000	GSM5417944_Dot6_rpt3.out.txt.gz
GSM5417945	Rlm1_rpt3	Rlm1	YTG47	BY4741 RLM1::Rlm1-Mnase	GPL27812	Illumina NovaSeq 6000	GSM5417945_Rlm1_rpt3.out.txt.gz
GSM5417946	Dot6_rpt4	Dot6	YTG36	BY4741 DOT6::Dot6-Mnase	GPL27812	Illumina NovaSeq 6000	GSM5417946_Dot6_rpt4.out.txt.gz
GSM5417947	Rlm1_rpt4	Rlm1	YTG47	BY4741 RLM1::Rlm1-Mnase	GPL27812	Illumina NovaSeq 6000	GSM5417947_Rlm1_rpt4.out.txt.gz
GSM5417948	Fkh2_lactis_rpt1	Fkh2_lactis	YTG150	BY4741 FKH2::K.lactis F04631-Mnase FKH1::kanMX	GPL27812	Illumina NovaSeq 6000	GSM5417948_Fkh2_lactis_rpt1.out.txt.gz
GSM5417949	Fkh2_lactis_rpt2	Fkh2_lactis	YTG150	BY4741 FKH2::K.lactis F04631-Mnase FKH1::kanMX	GPL27812	Illumina NovaSeq 6000	GSM5417949_Fkh2_lactis_rpt2.out.txt.gz
