	R1	R2	R3	R4	R5	R6	R7	R8	R9	R10
Ixr1	104.842	231.408	43.854	56.195	60.274	198.364	2.346	380.819	14.584	1.326
Ixr1_dABF2	106.531	374.007	54.798	103.082	101.932	152.132	3.545	471.724	9.101	1.245
Ixr1_lactis	83.932	568.764	33.715	89.392	74.909	147.207	4.155	618.624	18.163	1.306
Ace2	87.713	292.176	72.98	10.815	64.89	41.557	10.9	170.486	5.024	1.533
Ace2_dSWI5	88.312	305.225	73.3	13.097	57.445	44.501	11.412	177.544	4.596	1.915
Swi5	22.415	109.856	29.988	7.876	40.893	40.792	23.829	127.828	6.058	4.746
Swi5_dACE2	14.92	131.624	53.14	9.606	48.95	46.6	17.168	130.909	5.416	2.964
Swi5_lactis	90.976	282.335	32.179	15.912	48.387	52.409	18.396	144.214	3.845	1.479
Swi5_Ace2_DBD	14.584	109.72	12.295	11.532	63.254	40.869	31.118	110.738	7.377	3.222
Cup9	15.185	121.172	19.259	47.592	18.21	55.864	4.815	81.79	24.753	3.395
Cup9_dTOS8	57.13	369.484	67.891	89.149	24.048	340.919	15.545	84.233	24.845	3.986
Tos8	13.399	54.453	8.838	15.823	22.523	46.898	7.27	134.708	85.386	3.706
Tos8_dCUP9	15.083	49.508	7.866	18.042	25.62	62.859	8.516	70.149	94.109	4.474
Tos8_Cup9_DBD	3.15	11.259	4.025	5.717	11.492	18.55	2.917	40.951	33.134	2.333
Dal80	107.447	6.476	3.593	5.449	21.442	16.072	5.133	13.229	6.752	3.988
Dal80_dGZF3	15.048	5.419	4.792	6.449	29.335	6.539	9.898	8.823	18.631	6.18
Gzf3	76.918	14.974	6.305	14.264	23.012	41.611	11.191	22.855	15.053	6.778
Gzf3_dDAL80	159.734	32.048	11.608	25.739	34.824	56.778	18.674	28.767	21.197	10.346
Gzf3_lactis	101.422	34.066	10.492	17.94	95.658	90.736	7.254	275.51	27.59	3.368
Dot6	38.536	46.971	45.662	54.824	61.513	78.236	19.923	71.547	9.016	6.108
Dot6_dTOD6	45.941	60.378	45.722	35.891	66.189	70.867	11.951	87.972	9.649	5.957
Dot6_lactis	37.957	31.283	50.75	27.118	49.645	58.231	19.34	22.867	9.436	7.693
Dot6_Tod6_DBD	34.001	41.945	52.749	40.886	53.702	71.497	16.736	66.837	6.461	5.72
Tod6	31.812	20.798	13.546	13.888	41.801	21.824	15.325	23.534	5.815	6.499
Tod6_dDOT6	38.968	20.318	35.139	27.189	26.894	34.158	20.171	40.244	6.086	9.914
Tod6_Dot6_DBD	25.348	20.402	18.919	22.752	61.207	26.709	22.134	11.376	12.365	10.387
Ecm22	28.326	201.057	100.991	44.055	735.123	124.051	8.612	86.544	7.331	1.423
Ecm22_dUPC2	35.441	205.431	207.313	43.595	2861.604	272.549	9.409	78.722	10.036	1.255
Ecm22_Upc2_DBD	40.232	79.872	21.003	21.891	347.593	75.435	39.936	88.747	18.045	9.171
Upc2	46.701	99.355	61.994	14.651	3101.052	88.824	7.875	58.239	9.523	1.557
Upc2_dECM22	46.687	78.48	95.952	15.467	3835.774	160.11	7.733	51.556	14.035	2.005
Upc2_lactis	29.478	121.41	133.9	18.986	3108.687	242.32	21.984	40.97	7.994	1.999
Upc2_Ecm22_DBD	48.758	106.247	25.936	27.978	295.816	84.599	30.072	82.302	16.083	8.475
Fkh1	56.759	28.93	10.78	14.96	12.32	28.6	12.98	6.82	8.47	2.64
Fkh1_dFKH2	36.664	26.584	8.598	19.172	11.068	40.518	9.883	7.017	6.028	2.471
Fkh1_Fkh2_DBD	38.169	32.219	4.548	11.519	10.541	27.671	12.369	5.398	8.161	2.465
Fkh2	39.311	60.627	18.548	19.286	49.277	129.467	23.254	22.147	5.721	2.953
Fkh2_dFKH1	53.107	78.258	19.728	27.208	50.583	195.131	24.871	24.59	8.134	3.179
Fkh2_lactis	83.765	47.509	13.753	16.253	33.756	96.268	20.004	31.256	6.251	6.251
Fkh2_Fkh1_DBD	78.208	74.935	23.361	21.668	95.305	139.092	16.815	33.123	6.207	3.329
Gis1	64.761	23.413	54.984	45.083	45.208	50.563	3.985	907.334	17.311	3.363
Gis1_dRPH1	67.489	44.127	67.489	75.276	62.298	101.233	5.191	1074.632	23.362	5.191
Gis1_Rph1_DBD	53.964	22.093	35.022	60.51	49.259	144.136	4.828	660.581	19.434	0.982
Rph1	79.205	14.602	26.34	59.38	14.233	4.852	16.774	16.821	54.713	6.885
Rph1_dGIS1	118.88	20.862	19.835	113.745	25.419	30.105	27.088	26.19	57.579	5.071
Rph1_lactis	136.518	24.964	27.784	106.227	36.349	35.722	17.443	135.786	82.621	4.909
Rph1_Gis1_DBD	118.859	17.165	18.982	93.649	23.357	20.613	21.948	38.26	51.162	6.006
Hal9	11.168	108.543	14.833	7.853	35.076	309.75	8.376	2026.898	211.153	2.269
Hal9_dTBS1	19.771	135.925	20.595	14.004	50.251	191.942	9.885	5373.554	102.973	4.943
Tbs1	18.029	143.415	21.307	10.654	23.766	390.907	12.293	645.776	485.971	4.917
Tbs1_dHAL9	23.361	200.575	61.335	13.378	16.054	1324.78	13.584	127.919	7218.419	5.763
Tbs1_lactis	14.544	69.71	7.422	6.118	31.294	32.498	10.632	83.552	10.933	2.407
Hms2	91.122	84.336	19.388	9.209	18.418	36.836	26.173	867.595	6.301	2.908
Skn7	185.792	209.582	167.307	12.558	18.33	84.082	23.244	915.391	9.594	1.56
Skn7_dHMS2	210.106	217.626	294.554	17.221	36.547	92.495	15.265	918.255	15.416	2.256
Skn7_lactis	23.983	30.089	16.322	8.993	13.657	16.655	18.32	117.692	16.322	8.771
Met31	409.315	2348.993	9674.044	87.473	17.571	78.847	7.22	32.012	4.92	7.22
Met31_dMET32	569.969	2302.069	15493.442	94.902	20.986	87.659	8.45	22.565	5.107	7.429
Met32	60.956	600.261	1969.741	37.748	9.996	32.226	8.948	12.093	5.383	2.796
Met32_dMET31	150.346	1051.374	10998.888	66.204	24.052	63.549	11.181	35.394	6.435	6.114
Met32_lactis	277.282	844.95	2453.691	62.479	25.846	62.696	6.516	45.61	3.113	3.403
Mga2	38.706	45.315	10.115	16.454	7.283	20.904	5.934	61.903	7.687	4.181
Mga2_dSPT23	79.147	24.959	12.48	31.527	8.21	119.541	6.24	59.442	7.225	3.613
Spt23	38.838	41.017	12.177	17.432	18.714	33.198	4.871	49.605	21.79	3.461
Mig2_dMIG3	14.074	17.569	2.427	4.95	15.822	20.189	23.49	32.323	5.727	1.747
Mig3_dMIG2	13.632	27.545	3.373	5.621	15.6	20.237	24.172	73.079	5.34	2.67
Msn4_dMSN2	142.906	79.59	56.595	45.36	15.54	141.751	20.79	160.126	21.0	5.67
Nrg1_dNRG2	44.707	140.15	32.149	32.735	47.805	292.02	3.014	536.403	147.517	10.633
Nrg2_dNRG1	33.995	120.637	25.857	60.7	86.896	191.68	7.206	257.891	56.207	8.054
Nrg2_lactis	57.448	96.305	11.341	34.767	25.099	85.336	4.648	426.122	155.241	23.797
Oaf1	51.253	114.409	36.193	20.404	61.941	1153.803	17.489	108.336	14.331	4.129
Oaf1_dPIP2	70.176	151.083	49.028	24.725	62.706	742.578	30.511	53.973	22.199	8.627
Oaf1_lactis	12.918	59.894	18.119	17.448	185.388	5160.821	28.521	146.465	15.267	5.536
Pip2	38.58	72.803	19.912	95.827	126.939	3205.212	13.067	301.169	12.445	6.845
Pdr1	28.323	128.591	15.664	3787.875	24.316	1069.253	22.312	226.582	21.037	5.555
Pdr1_dPDR3	34.526	140.527	19.989	3714.275	38.766	844.374	22.412	308.917	23.017	4.846
Pdr3	4.839	17.042	7.912	571.434	5.691	23.281	10.56	22.794	14.79	7.547
Pdr3_dPDR1	15.358	97.976	8.744	5642.466	13.452	166.245	18.048	46.522	18.833	4.82
Pdr8	7.556	5.743	3.627	14.508	12.241	17.228	9.672	6.196	18.437	5.138
Pdr8_dYRR1	8.971	4.941	7.281	10.922	13.392	33.415	8.321	7.281	16.382	5.331
Pdr8_Yrr1_DBD	10.143	4.743	2.773	17.804	16.053	9.267	9.632	21.161	21.307	11.967
Yrr1	9.195	36.781	20.775	27.075	80.034	37.463	11.409	147.126	12.601	7.493
Yrr1_dPDR8	19.901	47.172	25.06	56.017	58.965	55.28	6.634	162.892	15.478	8.845
Yrr1_Pdr8_DBD	6.232	9.93	4.041	13.697	29.311	162.785	11.711	12.122	16.231	8.218
Phd1	36.186	153.684	35.029	17.357	45.442	93.304	4.418	358.911	11.992	2.525
Phd1_dSOK2	120.695	403.82	63.305	29.737	44.719	352.512	4.506	367.606	10.926	2.084
Sok2	29.412	138.539	31.611	36.009	65.421	257.011	5.223	453.824	17.317	1.924
Sok2_dPHD1	32.028	216.662	31.086	30.615	60.289	253.4	4.239	941.066	38.622	4.239
Rgm1	8.647	7.075	19.26	5.896	45.596	16.902	10.613	54.636	15.723	4.717
Rlm1	24.536	71.144	18.901	188.073	28.411	107.303	28.763	59.169	7.161	2.348
Rlm1_dSMP1	13.189	109.404	40.894	265.014	46.559	159.238	20.181	40.628	4.691	5.665
Rlm1_lactis	32.914	105.131	32.914	110.842	56.728	184.705	21.878	42.885	17.231	4.84
Smp1	6.375	7.998	3.941	20.17	7.998	18.663	7.998	20.517	6.491	5.912
Smp1_dRLM1	14.223	27.086	8.905	55.532	12.986	58.376	14.099	57.634	8.781	9.152
Rsf2	79.771	127.598	22.168	141.388	48.177	114.332	17.63	352.248	5.76	1.571
Rsf2_dTDA9	79.995	137.291	17.202	128.496	52.187	155.527	26.32	332.912	3.233	1.811
Tda9	67.65	215.767	38.286	31.959	26.119	99.285	31.959	359.179	3.569	1.622
Tda9_dRSF2	71.888	304.536	60.947	92.965	24.5	216.068	22.285	442.406	3.289	1.611
Tda9_lactis	136.017	194.43	25.837	75.919	52.703	111.959	24.526	391.2	3.838	3.838
Stp1	6625.58	6144.519	71.472	21.304	38.485	106.521	3.436	122.327	4.811	1.374
Stp1_dSTP2	5629.71	4093.338	40.895	17.586	34.275	114.962	5.103	73.791	4.069	1.931
Stp2	6371.179	2954.875	97.485	15.164	47.659	171.14	6.499	97.485	4.333	15.164
Stp2_dSTP1	1843.239	307.326	68.142	12.982	39.306	50.373	2.692	52.049	2.214	1.436
Stp3	39.676	25.195	22.369	14.246	16.129	110.903	7.182	128.916	36.026	9.654
Stp3_dSTP4	111.397	142.879	87.18	19.676	32.39	142.273	3.935	171.939	29.06	6.66
Stp4	20.958	25.247	15.548	16.669	51.665	79.203	4.825	290.54	24.078	5.361
Stp4_dSTP3	62.787	288.08	67.535	30.074	80.198	102.358	8.97	498.6	36.406	4.749
Sut1	7.161	39.385	16.285	54.978	103.488	38.692	7.854	463.384	32.34	4.273
Sut1_dSUT2	18.783	139.451	15.07	117.611	108.001	118.921	7.863	304.456	57.768	3.494
Sut2	9.602	11.33	6.721	17.092	22.277	7.874	4.993	64.142	24.197	6.337
Sut2_dSUT1	11.517	17.09	3.065	19.691	8.174	14.675	1.579	48.577	12.353	1.3
Usv1	7.572	12.264	25.186	5.021	14.98	30.043	15.968	135.727	10.782	2.552
Vhr1	82.577	62.232	121.671	334.895	40.291	325.321	9.973	591.003	52.259	1.995
Vhr1_dVHR2	90.972	78.525	174.805	334.418	43.747	387.317	8.42	886.107	43.015	5.125
Vhr1_lactis	100.001	108.83	440.725	97.478	95.496	117.839	22.973	484.96	27.748	2.432
Vhr1_Vhr2_DBD	110.72	114.404	205.512	50.016	85.038	116.428	16.81	379.064	49.082	2.023
Vhr2	25.8	32.25	228.198	10.898	14.679	8.897	16.014	14.902	25.8	6.45
Vhr2_dVHR1	24.818	34.469	394.329	6.549	11.547	8.445	13.788	21.026	35.503	8.617
Vhr2_Vhr1_DBD	22.36	26.06	219.504	6.456	12.912	15.746	17.715	38.5	16.376	6.062
Yap1_dYAP2	76.608	235.702	46.31	348.588	21.989	123.425	82.486	257.489	96.064	5.472
Yap1_lactis	92.381	154.498	47.153	134.049	24.683	101.571	357.784	341.473	139.582	8.516
Yap2_dYAP1	23.944	7.397	6.424	19.759	12.945	15.184	92.564	4.185	38.544	8.76
Yap4	73.681	10.363	4.249	15.855	37.514	34.198	7.254	100.003	60.623	10.259
Yap4_dYAP6	126.108	26.79	9.029	11.989	34.043	59.501	6.957	79.483	67.346	7.253
Yap6	37.325	42.457	11.897	52.255	38.491	43.857	12.364	212.985	55.288	3.966
Yap6_dYAP4	38.96	53.216	23.923	78.018	54.095	73.624	9.374	170.682	63.957	2.636
Yap5	14.374	8.7	7.943	8.7	21.939	7.565	20717.224	4.917	20.048	9104.306
Yap5_dYAP7	22.135	22.208	9.757	11.795	28.469	20.023	11322.263	5.315	23.882	10647.009
Yap7	26.056	5.182	1.703	8.735	16.137	4.071	58.701	1.48	97.489	12.806
Yap7_dYAP5	19.392	5.857	2.278	6.833	14.642	4.165	426.036	2.017	119.214	52.254
Yap7_lactis	47.115	40.637	228.412	33.079	58.207	52.22	3791.516	21.987	121.42	311.06
Yhp1	294.312	13.478	5.798	15.672	41.843	32.754	63.157	31.657	12.381	6.895
Yhp1_dYOX1	307.791	20.501	11.891	25.08	46.948	47.563	77.631	30.068	11.344	8.679
Yhp1_lactis	47.649	30.303	10.314	156.587	140.306	128.798	18.455	113.327	6.649	3.111
Yhp1_Yox1_DBD	24.073	7.133	6.91	11.145	21.844	21.398	34.772	14.711	6.91	5.127
Yox1	167.661	13.068	5.908	51.786	33.852	48.38	31.071	45.321	10.496	6.812
Yox1_dYHP1	197.673	19.602	12.422	81.281	67.997	90.615	38.055	33.891	10.124	6.247
Yox1_Yhp1_DBD	163.378	12.25	6.125	63.979	65.086	86.412	28.41	35.863	6.789	4.649
