file	total_counts	max_per_base
GSM5417602_Cup9_rpt1.out.txt.gz	647158	317
GSM5417603_Skn7_rpt1.out.txt.gz	2582300	5479
GSM5417604_Hms2_rpt1.out.txt.gz	160858	168
GSM5417605_Cup9_rpt2.out.txt.gz	404392	362
GSM5417606_Skn7_rpt2.out.txt.gz	10238456	30507
GSM5417607_Hms2_rpt2.out.txt.gz	1751824	2440
GSM5417608_Hms2_rpt3.out.txt.gz	150492	180
GSM5417609_Dot6_rpt1.out.txt.gz	1521608	985
GSM5417610_Sok2_rpt1.out.txt.gz	2362512	5213
GSM5417611_Smp1_rpt1.out.txt.gz	1094340	645
GSM5417612_Rlm1_rpt1.out.txt.gz	1587626	3149
GSM5417613_Dot6_rpt2.out.txt.gz	1633224	1276
GSM5417614_Sok2_rpt2.out.txt.gz	1275464	2383
GSM5417615_Rlm1_rpt2.out.txt.gz	1058858	1626
GSM5417616_Gzf3_rpt1.out.txt.gz	6679322	7196
GSM5417617_Dal80_rpt1.out.txt.gz	7354488	3449
GSM5417618_Gis1_rpt1.out.txt.gz	8650838	18280
GSM5417619_Rph1_rpt1.out.txt.gz	4843804	5397
GSM5417620_Met31_rpt1.out.txt.gz	8079404	30190
GSM5417621_Met32_rpt1.out.txt.gz	6642234	6459
GSM5417622_Stp3_rpt1.out.txt.gz	7212476	37875
GSM5417623_Stp4_rpt1.out.txt.gz	7232854	12269
GSM5417624_Usv1_rpt1.out.txt.gz	4677478	890
GSM5417625_Gzf3_rpt2.out.txt.gz	6009546	5144
GSM5417626_Gis1_rpt2.out.txt.gz	7408298	11249
GSM5417627_Rph1_rpt2.out.txt.gz	9405056	9896
GSM5417628_Met31_rpt2.out.txt.gz	7571134	35365
GSM5417629_Met32_rpt2.out.txt.gz	7663200	14818
GSM5417630_Stp3_rpt2.out.txt.gz	1281408	10427
GSM5417631_Stp4_rpt2.out.txt.gz	7051248	7151
GSM5417632_Rph1_rpt3.out.txt.gz	7391286	6234
GSM5417633_Stp4_rpt3.out.txt.gz	6232872	11417
GSM5417634_Dal80_rpt2.out.txt.gz	5672218	2632
GSM5417635_Pdr1_rpt1.out.txt.gz	1505966	5534
GSM5417636_Pdr3_rpt1.out.txt.gz	32581664	28078
GSM5417637_Vhr1_rpt1.out.txt.gz	1643162	3215
GSM5417638_Vhr2_rpt1.out.txt.gz	346556	432
GSM5417639_Pip2_rpt1.out.txt.gz	219208	470
GSM5417640_Oaf1_rpt1.out.txt.gz	2678328	6978
GSM5417641_Ixr1_rpt1.out.txt.gz	9100396	14564
GSM5417642_Pdr1_rpt2.out.txt.gz	9474596	28944
GSM5417643_Pdr3_rpt2.out.txt.gz	277762	799
GSM5417644_Vhr1_rpt2.out.txt.gz	459820	887
GSM5417645_Vhr2_rpt2.out.txt.gz	958968	1180
GSM5417646_Pip2_rpt2.out.txt.gz	109688	303
GSM5417647_Pip2_rpt3.out.txt.gz	1278174	2423
GSM5417648_Oaf1_rpt2.out.txt.gz	452112	1158
GSM5417649_Oaf1_rpt3.out.txt.gz	986380	1963
GSM5417650_Ixr1_rpt2.out.txt.gz	704794	642
GSM5417651_Ecm22_rpt1.out.txt.gz	4686694	5318
GSM5417652_Upc2_rpt1.out.txt.gz	6170000	7245
GSM5417653_Yrr1_rpt1.out.txt.gz	3279452	37043
GSM5417654_Hal9_rpt1.out.txt.gz	1854266	8191
GSM5417655_Tbs1_rpt1.out.txt.gz	1220238	4632
GSM5417656_Tda9_rpt1.out.txt.gz	3296682	1570
GSM5417657_Rsf2_rpt1.out.txt.gz	3551638	2836
GSM5417658_Yap6_rpt1.out.txt.gz	2210724	583
GSM5417659_Yap4_rpt1.out.txt.gz	5824044	2285
GSM5417660_Yap5_rpt1.out.txt.gz	1448066	6247
GSM5417661_Yap7_rpt1.out.txt.gz	7993494	3194
GSM5417662_Ecm22_rpt2.out.txt.gz	9364018	13391
GSM5417663_Upc2_rpt2.out.txt.gz	4750488	5404
GSM5417664_Yrr1_rpt2.out.txt.gz	2593078	31314
GSM5417665_Pdr8_rpt1.out.txt.gz	2090246	44272
GSM5417666_Hal9_rpt2.out.txt.gz	3876166	19659
GSM5417667_Tda9_rpt2.out.txt.gz	2867374	1569
GSM5417668_Rsf2_rpt2.out.txt.gz	2177280	2308
GSM5417669_Yap6_rpt2.out.txt.gz	2075954	497
GSM5417670_Yap4_rpt2.out.txt.gz	3825692	1562
GSM5417671_Yap5_rpt2.out.txt.gz	1195628	6163
GSM5417672_Yap7_rpt2.out.txt.gz	5515690	1896
GSM5417673_Vhr1_rpt3.out.txt.gz	2910528	2055
GSM5417674_Vhr2_rpt3.out.txt.gz	3190562	4591
GSM5417675_Tos8_rpt1.out.txt.gz	1452036	1308
GSM5417676_Yhp1_rpt1.out.txt.gz	3783824	2551
GSM5417677_Yox1_rpt1.out.txt.gz	6175022	5703
GSM5417678_Tod6_rpt1.out.txt.gz	11393344	4001
GSM5417679_Smp1_rpt2.out.txt.gz	4533216	1321
GSM5417680_Phd1_rpt1.out.txt.gz	5216124	2685
GSM5417681_Rgm1_rpt1.out.txt.gz	1534170	766
GSM5417682_Usv1_rpt2.out.txt.gz	4231868	3435
GSM5417683_Tos8_rpt2.out.txt.gz	5563154	5087
GSM5417684_Yhp1_rpt2.out.txt.gz	2597150	1412
GSM5417685_Yox1_rpt2.out.txt.gz	8211182	6168
GSM5417686_Tod6_rpt2.out.txt.gz	3223568	996
GSM5417687_Smp1_rpt3.out.txt.gz	2999298	852
GSM5417688_Phd1_rpt2.out.txt.gz	4290398	1915
GSM5417689_Rgm1_rpt2.out.txt.gz	1009928	502
GSM5417690_Usv1_rpt3.out.txt.gz	3240086	1483
GSM5417691_Dal80_rpt3.out.txt.gz	3829352	5265
GSM5417692_Sut2_rpt1.out.txt.gz	1009458	249
GSM5417693_Sut1_rpt1.out.txt.gz	7802700	16931
GSM5417694_Pdr8_rpt2.out.txt.gz	4526860	147357
GSM5417695_Spt23_rpt1.out.txt.gz	2856452	1395
GSM5417696_Cup9_rpt3.out.txt.gz	15148536	8551
GSM5417697_Spt23_rpt2.out.txt.gz	1883556	999
GSM5417698_Mga2_rpt1.out.txt.gz	705892	260
GSM5417699_Spt23_rpt3.out.txt.gz	3061560	2231
GSM5417700_Mga2_rpt2.out.txt.gz	6708922	1252
GSM5417701_Dal80_rpt4.out.txt.gz	8467988	25764
GSM5417702_Sut2_rpt2.out.txt.gz	4197752	1198
GSM5417703_Sut1_rpt2.out.txt.gz	855348	2211
GSM5417704_Gis1_dRPH1_rpt1.out.txt.gz	209482	465
GSM5417705_Met31_dMET32_rpt1.out.txt.gz	115522	1363
GSM5417706_Dot6_dTOD6_rpt1.out.txt.gz	476814	458
GSM5417707_Gzf3_dDAL80_rpt1.out.txt.gz	2023914	3563
GSM5417708_Pdr3_dPDR1_rpt1.out.txt.gz	64274	202
GSM5417709_Pdr1_dPDR3_rpt1.out.txt.gz	249198	590
GSM5417710_Hal9_dTBS1_rpt1.out.txt.gz	111548	355
GSM5417711_Stp1_rpt1.out.txt.gz	25380	71
GSM5417712_Stp2_rpt1.out.txt.gz	314416	647
GSM5417713_Oaf1_dPIP2_rpt1.out.txt.gz	149922	368
GSM5417714_Rph1_dGIS1_rpt1.out.txt.gz	67694	81
GSM5417715_Gis1_dRPH1_rpt2.out.txt.gz	175766	228
GSM5417716_Gzf3_dDAL80_rpt2.out.txt.gz	1938918	1987
GSM5417717_Pdr3_dPDR1_rpt2.out.txt.gz	25896	100
GSM5417718_Pdr1_dPDR3_rpt2.out.txt.gz	1401730	3675
GSM5417719_Hal9_dTBS1_rpt2.out.txt.gz	1102360	5466
GSM5417720_Tbs1_dHAL9_rpt1.out.txt.gz	180950	343
GSM5417721_Stp1_rpt2.out.txt.gz	1429738	3921
GSM5417722_Stp2_rpt2.out.txt.gz	147194	327
GSM5417723_Vhr2_dVHR1_rpt1.out.txt.gz	1642218	2371
GSM5417724_Vhr1_dVHR2_rpt1.out.txt.gz	3917818	7142
GSM5417725_Ecm22_dUPC2_rpt1.out.txt.gz	1564448	7770
GSM5417726_Upc2_dECM22_rpt1.out.txt.gz	1614240	4858
GSM5417727_Stp4_dSTP3_rpt1.out.txt.gz	1277828	2971
GSM5417728_Stp3_dSTP4_rpt1.out.txt.gz	1941838	15255
GSM5417729_Oaf1_lactis_rpt1.out.txt.gz	1701992	4431
GSM5417730_Met32_lactis_rpt1.out.txt.gz	11481082	23344
GSM5417731_Gzf3_lactis_rpt1.out.txt.gz	987978	1829
GSM5417732_Yrr1_dPDR8_rpt1.out.txt.gz	290116	2118
GSM5417733_Skn7_dHMS2_rpt1.out.txt.gz	2871992	8892
GSM5417734_Sok2_dPHD1_rpt1.out.txt.gz	1189358	1934
GSM5417735_Tod6_dDOT6_rpt1.out.txt.gz	9407970	2901
GSM5417736_Dot6_dTOD6_rpt2.out.txt.gz	15343412	12970
GSM5417737_Sok2_dPHD1_rpt2.out.txt.gz	933766	1447
GSM5417738_Phd1_dSOK2_rpt1.out.txt.gz	11609364	6841
GSM5417739_Tod6_dDOT6_rpt2.out.txt.gz	10967966	3727
GSM5417740_Dot6_dTOD6_rpt3.out.txt.gz	11540732	7955
GSM5417741_Vhr2_dVHR1_rpt2.out.txt.gz	4160042	5378
GSM5417742_Vhr1_dVHR2_rpt2.out.txt.gz	1545402	2542
GSM5417743_Ecm22_dUPC2_rpt2.out.txt.gz	1623974	9851
GSM5417744_Upc2_dECM22_rpt2.out.txt.gz	1877102	9777
GSM5417745_Stp4_dSTP3_rpt2.out.txt.gz	617480	1374
GSM5417746_Stp3_dSTP4_rpt2.out.txt.gz	1361666	9609
GSM5417747_Oaf1_lactis_rpt2.out.txt.gz	4258494	10683
GSM5417748_Met32_lactis_rpt2.out.txt.gz	2331576	4049
GSM5417749_Dot6_lactis_rpt1.out.txt.gz	4744490	3755
GSM5417750_Gzf3_lactis_rpt2.out.txt.gz	1299526	2144
GSM5417751_Yrr1_dPDR8_rpt2.out.txt.gz	1066612	7908
GSM5417752_Pdr8_dYRR1_rpt1.out.txt.gz	2574264	49305
GSM5417753_Skn7_dHMS2_rpt2.out.txt.gz	10426060	22442
GSM5417754_Oaf1_dPIP2_rpt2.out.txt.gz	1436738	13669
GSM5417755_Rph1_dGIS1_rpt2.out.txt.gz	4482684	15781
GSM5417756_Yhp1_dYOX1_rpt1.out.txt.gz	6665570	4722
GSM5417757_Yox1_dYHP1_rpt1.out.txt.gz	6377048	14634
GSM5417758_Yap6_dYAP4_rpt1.out.txt.gz	6038774	4557
GSM5417759_Yap4_dYAP6_rpt1.out.txt.gz	1759950	1974
GSM5417760_Rlm1_dSMP1_rpt1.out.txt.gz	3962820	5100
GSM5417761_Cup9_dTOS8_rpt1.out.txt.gz	2913730	5523
GSM5417762_Phd1_dSOK2_rpt2.out.txt.gz	6146074	7884
GSM5417763_Tbs1_dHAL9_rpt2.out.txt.gz	310480	1980
GSM5417764_Pdr3_dPDR1_rpt3.out.txt.gz	3890722	38646
GSM5417765_Yap2_dYAP1_rpt1.out.txt.gz	4094118	14738
GSM5417766_Oaf1_dPIP2_rpt3.out.txt.gz	7918062	28219
GSM5417767_Rph1_dGIS1_rpt3.out.txt.gz	3819778	13156
GSM5417768_Pdr8_dYRR1_rpt2.out.txt.gz	5116872	218370
GSM5417769_Yhp1_dYOX1_rpt2.out.txt.gz	7967754	4371
GSM5417770_Yox1_dYHP1_rpt2.out.txt.gz	7550022	14355
GSM5417771_Yap6_dYAP4_rpt2.out.txt.gz	4202512	4317
GSM5417772_Yap4_dYAP6_rpt2.out.txt.gz	4996186	3993
GSM5417773_Rlm1_dSMP1_rpt2.out.txt.gz	7334714	9483
GSM5417774_Cup9_dTOS8_rpt2.out.txt.gz	4612986	7332
GSM5417775_Tbs1_dHAL9_rpt3.out.txt.gz	3216398	17172
GSM5417776_Pdr3_dPDR1_rpt4.out.txt.gz	4939676	38455
GSM5417777_Yap1_dYAP2_rpt1.out.txt.gz	2680628	2909
GSM5417778_Dot6_lactis_rpt2.out.txt.gz	7607464	5556
GSM5417779_Yap1_lactis_rpt1.out.txt.gz	4189380	7096
GSM5417780_Skn7_lactis_rpt1.out.txt.gz	4131310	8899
GSM5417781_Vhr1_lactis_rpt1.out.txt.gz	5396546	9893
GSM5417782_Rph1_lactis_rpt1.out.txt.gz	4618408	7520
GSM5417783_Tda9_lactis_rpt1.out.txt.gz	3384612	4948
GSM5417784_Ixr1_lactis_rpt1.out.txt.gz	3748462	4683
GSM5417785_Msn4_dMSN2_rpt1.out.txt.gz	5107884	6075
GSM5417786_Yap1_dYAP2_rpt2.out.txt.gz	4387380	2688
GSM5417787_Yap2_dYAP1_rpt2.out.txt.gz	3715124	8520
GSM5417788_Rph1_dGIS1_rpt4.out.txt.gz	4070906	8270
GSM5417789_Tbs1_dHAL9_rpt4.out.txt.gz	4865148	18945
GSM5417790_Tda9_dRSF2_rpt1.out.txt.gz	4952154	4351
GSM5417791_Ixr1_dABF2_rpt1.out.txt.gz	5026490	6180
GSM5417792_Tos8_dCUP9_rpt1.out.txt.gz	3976000	5276
GSM5417793_Yap1_lactis_rpt2.out.txt.gz	5384444	6126
GSM5417794_Skn7_lactis_rpt2.out.txt.gz	4875214	11442
GSM5417795_Vhr1_lactis_rpt2.out.txt.gz	5703338	5998
GSM5417796_Rph1_lactis_rpt2.out.txt.gz	4955448	9902
GSM5417797_Tbs1_lactis_rpt1.out.txt.gz	4784032	2078
GSM5417798_Tda9_lactis_rpt2.out.txt.gz	7297896	12937
GSM5417799_Ixr1_lactis_rpt2.out.txt.gz	4675068	4944
GSM5417800_Msn4_dMSN2_rpt2.out.txt.gz	4415880	5297
GSM5417801_Yap1_dYAP2_rpt3.out.txt.gz	2800366	2426
GSM5417802_Yap2_dYAP1_rpt3.out.txt.gz	2464746	10002
GSM5417803_Rph1_dGIS1_rpt5.out.txt.gz	3137668	10162
GSM5417804_Tbs1_dHAL9_rpt5.out.txt.gz	1144110	7492
GSM5417805_Tda9_dRSF2_rpt2.out.txt.gz	2334862	2952
GSM5417806_Ixr1_dABF2_rpt2.out.txt.gz	5411824	6909
GSM5417807_Met31_dMET32_rpt2.out.txt.gz	5877030	50875
GSM5417808_Met32_dMET31_rpt1.out.txt.gz	6081444	57640
GSM5417809_Sut1_dSUT2_rpt1.out.txt.gz	3943770	8872
GSM5417810_Sut2_dSUT1_rpt1.out.txt.gz	3776222	1477
GSM5417811_Stp1_dSTP2_rpt1.out.txt.gz	6540970	17669
GSM5417812_Smp1_dRLM1_rpt1.out.txt.gz	5016356	7291
GSM5417813_Mig2_dMIG3_rpt1.out.txt.gz	4608222	4737
GSM5417814_Nrg1_dNRG2_rpt1.out.txt.gz	6132238	37253
GSM5417815_Nrg2_dNRG1_rpt1.out.txt.gz	5337286	15992
GSM5417816_Fkh1_dFKH2_rpt1.out.txt.gz	5883098	9058
GSM5417817_Fkh2_dFKH1_rpt1.out.txt.gz	4923876	4694
GSM5417818_Ace2_dSWI5_rpt1.out.txt.gz	6411616	12260
GSM5417819_Swi5_dACE2_rpt1.out.txt.gz	4444632	7040
GSM5417820_Fkh1_rpt1.out.txt.gz	4024956	10310
GSM5417821_Fkh2_rpt1.out.txt.gz	4263590	6421
GSM5417822_Ace2_rpt1.out.txt.gz	5236740	11460
GSM5417823_Swi5_rpt1.out.txt.gz	5164322	5329
GSM5417824_Dal80_dGZF3_rpt1.out.txt.gz	2962192	2162
GSM5417825_Met31_dMET32_rpt3.out.txt.gz	4776456	42787
GSM5417826_Met32_dMET31_rpt2.out.txt.gz	6349904	52474
GSM5417827_Sut1_dSUT2_rpt2.out.txt.gz	5213552	14468
GSM5417828_Sut2_dSUT1_rpt2.out.txt.gz	2577468	1941
GSM5417829_Stp1_dSTP2_rpt2.out.txt.gz	7959422	28389
GSM5417830_Mig2_dMIG3_rpt2.out.txt.gz	5694172	5618
GSM5417831_Nrg1_dNRG2_rpt2.out.txt.gz	5812134	27099
GSM5417832_Nrg2_dNRG1_rpt2.out.txt.gz	6458394	13250
GSM5417833_Fkh1_dFKH2_rpt2.out.txt.gz	4235790	8288
GSM5417834_Fkh2_dFKH1_rpt2.out.txt.gz	5771502	6543
GSM5417835_Ace2_dSWI5_rpt2.out.txt.gz	6644312	7543
GSM5417836_Swi5_dACE2_rpt2.out.txt.gz	5340800	8941
GSM5417837_Fkh1_rpt2.out.txt.gz	5066096	11089
GSM5417838_Fkh2_rpt2.out.txt.gz	6573186	8771
GSM5417839_Ace2_rpt2.out.txt.gz	6506168	11543
GSM5417840_Swi5_rpt2.out.txt.gz	4739582	4778
GSM5417841_Dal80_dGZF3_rpt2.out.txt.gz	5271774	2413
GSM5417842_Yap1_lactis_rpt3.out.txt.gz	7938894	12134
GSM5417843_Gzf3_lactis_rpt3.out.txt.gz	5453000	20450
GSM5417844_Rlm1_lactis_rpt1.out.txt.gz	7876032	5604
GSM5417845_Tos8_dCUP9_rpt2.out.txt.gz	5006418	3463
GSM5417846_Tda9_dRSF2_rpt3.out.txt.gz	4238884	6603
GSM5417847_Yap5_dYAP7_rpt1.out.txt.gz	5765512	11533
GSM5417848_Yap7_dYAP5_rpt1.out.txt.gz	5282170	2788
GSM5417849_Dal80_dGZF3_rpt3.out.txt.gz	5507604	3364
GSM5417850_Yap1_lactis_rpt4.out.txt.gz	3270760	4851
GSM5417851_Swi5_lactis_rpt1.out.txt.gz	8739142	6215
GSM5417852_Gzf3_lactis_rpt4.out.txt.gz	7699928	20317
GSM5417853_Rlm1_lactis_rpt2.out.txt.gz	2453944	2011
GSM5417854_Tos8_dCUP9_rpt3.out.txt.gz	4873882	6633
GSM5417855_Tda9_dRSF2_rpt4.out.txt.gz	3372186	5257
GSM5417856_Rsf2_dTDA9_rpt1.out.txt.gz	7151854	15349
GSM5417857_Yap5_dYAP7_rpt2.out.txt.gz	7968580	17820
GSM5417858_Yrr1_Pdr8_DBD_rpt1.out.txt.gz	1619304	76782
GSM5417859_Tos8_Cup9_DBD_rpt1.out.txt.gz	5662378	1307
GSM5417860_Upc2_Ecm22_DBD_rpt1.out.txt.gz	4592230	8946
GSM5417861_Fkh1_Fkh2_DBD_rpt1.out.txt.gz	7138064	19858
GSM5417862_Gis1_Rph1_DBD_rpt1.out.txt.gz	5829864	15438
GSM5417863_Rph1_Gis1_DBD_rpt1.out.txt.gz	8549548	29026
GSM5417864_Tod6_Dot6_DBD_rpt1.out.txt.gz	4729910	2646
GSM5417865_Vhr1_Vhr2_DBD_rpt1.out.txt.gz	6947912	10816
GSM5417866_Vhr2_Vhr1_DBD_rpt1.out.txt.gz	5315646	17537
GSM5417867_Pdr8_Yrr1_DBD_rpt1.out.txt.gz	8545822	424065
GSM5417868_Yrr1_Pdr8_DBD_rpt2.out.txt.gz	7478380	490429
GSM5417869_Tos8_Cup9_DBD_rpt2.out.txt.gz	6884304	2433
GSM5417870_Yox1_Yhp1_DBD_rpt1.out.txt.gz	5720404	5796
GSM5417871_Upc2_Ecm22_DBD_rpt2.out.txt.gz	7268518	11037
GSM5417872_Fkh1_Fkh2_DBD_rpt2.out.txt.gz	6019906	22693
GSM5417873_Swi5_Ace2_DBD_rpt1.out.txt.gz	7151448	10940
GSM5417874_Gis1_Rph1_DBD_rpt2.out.txt.gz	6681592	16244
GSM5417875_Rph1_Gis1_DBD_rpt2.out.txt.gz	7336662	17042
GSM5417876_Fkh2_Fkh1_DBD_rpt1.out.txt.gz	7149448	4602
GSM5417877_Vhr1_Vhr2_DBD_rpt2.out.txt.gz	7654438	14787
GSM5417878_Vhr2_Vhr1_DBD_rpt2.out.txt.gz	4064008	8348
GSM5417879_Yrr1_Pdr8_DBD_rpt3.out.txt.gz	3373532	44589
GSM5417880_Pdr8_Yrr1_DBD_rpt2.out.txt.gz	2913670	42099
GSM5417881_Upc2_Ecm22_DBD_rpt3.out.txt.gz	2971978	1496
GSM5417882_Yox1_Yhp1_DBD_rpt2.out.txt.gz	3589832	3380
GSM5417883_Fkh1_Fkh2_DBD_rpt3.out.txt.gz	5392346	11326
GSM5417884_Fkh2_Fkh1_DBD_rpt2.out.txt.gz	4580024	2894
GSM5417885_Gis1_Rph1_DBD_rpt3.out.txt.gz	6192940	11049
GSM5417886_Swi5_Ace2_DBD_rpt2.out.txt.gz	3322778	3433
GSM5417887_Rph1_Gis1_DBD_rpt3.out.txt.gz	4129928	6947
GSM5417888_Dot6_Tod6_DBD_rpt1.out.txt.gz	6073304	5183
GSM5417889_Tod6_Dot6_DBD_rpt2.out.txt.gz	2658146	902
GSM5417890_Tos8_Cup9_DBD_rpt3.out.txt.gz	3022220	1099
GSM5417891_Yhp1_Yox1_DBD_rpt1.out.txt.gz	3673236	2430
GSM5417892_Ecm22_Upc2_DBD_rpt1.out.txt.gz	2769994	1641
GSM5417893_Yhp1_lactis_rpt1.out.txt.gz	6663142	7283
GSM5417894_Smp1_dRLM1_rpt2.out.txt.gz	1269568	947
GSM5417895_Stp2_dSTP1_rpt1.out.txt.gz	4974668	4259
GSM5417896_Vhr1_Vhr2_DBD_rpt3.out.txt.gz	4671422	8493
GSM5417897_Vhr2_Vhr1_DBD_rpt3.out.txt.gz	3321682	6117
GSM5417898_Yrr1_Pdr8_DBD_rpt4.out.txt.gz	2130884	31979
GSM5417899_Pdr8_Yrr1_DBD_rpt3.out.txt.gz	2245152	41841
GSM5417900_Upc2_Ecm22_DBD_rpt4.out.txt.gz	4753766	2924
GSM5417901_Yox1_Yhp1_DBD_rpt3.out.txt.gz	4241158	3374
GSM5417902_Fkh1_Fkh2_DBD_rpt4.out.txt.gz	4976406	11331
GSM5417903_Fkh2_Fkh1_DBD_rpt3.out.txt.gz	5992574	3676
GSM5417904_Gis1_Rph1_DBD_rpt4.out.txt.gz	5737726	14048
GSM5417905_Swi5_Ace2_DBD_rpt3.out.txt.gz	1319412	1283
GSM5417906_Rph1_Gis1_DBD_rpt4.out.txt.gz	6957034	10278
GSM5417907_Dot6_Tod6_DBD_rpt2.out.txt.gz	3367610	2182
GSM5417908_Tod6_Dot6_DBD_rpt3.out.txt.gz	699216	597
GSM5417909_Tos8_Cup9_DBD_rpt4.out.txt.gz	1573562	1758
GSM5417910_Yhp1_Yox1_DBD_rpt2.out.txt.gz	813074	415
GSM5417911_Ecm22_Upc2_DBD_rpt2.out.txt.gz	610400	375
GSM5417912_Nrg2_lactis_rpt1.out.txt.gz	1281518	1668
GSM5417913_Yhp1_lactis_rpt2.out.txt.gz	6017678	6472
GSM5417914_Smp1_dRLM1_rpt3.out.txt.gz	1799530	1970
GSM5417915_Dal80_dGZF3_rpt4.out.txt.gz	3637596	1105
GSM5417916_Sut2_dSUT1_rpt3.out.txt.gz	4412628	1274
GSM5417917_Stp2_dSTP1_rpt2.out.txt.gz	5699910	5207
GSM5417918_Rsf2_dTDA9_rpt2.out.txt.gz	5026966	7992
GSM5417919_Mig3_dMIG2_rpt1.out.txt.gz	3745932	910
GSM5417920_Yap7_dYAP5_rpt2.out.txt.gz	4894998	2885
GSM5417921_Swi5_lactis_rpt2.out.txt.gz	5165192	2880
GSM5417922_Dot6_lactis_rpt3.out.txt.gz	5717686	3308
GSM5417923_Tbs1_lactis_rpt2.out.txt.gz	3854180	2114
GSM5417924_Yhp1_lactis_rpt3.out.txt.gz	5656216	5519
GSM5417925_Upc2_lactis_rpt1.out.txt.gz	194986	576
GSM5417926_Yap7_lactis_rpt1.out.txt.gz	5276086	5135
GSM5417927_Nrg2_lactis_rpt2.out.txt.gz	3472290	4196
GSM5417928_Mga2_dSPT23_rpt1.out.txt.gz	552194	333
GSM5417929_Dal80_dGZF3_rpt5.out.txt.gz	4949290	2771
GSM5417930_Stp2_dSTP1_rpt3.out.txt.gz	6040566	3224
GSM5417931_Rsf2_dTDA9_rpt3.out.txt.gz	3284724	7233
GSM5417932_Mig3_dMIG2_rpt2.out.txt.gz	3369674	781
GSM5417933_Yap7_dYAP5_rpt3.out.txt.gz	3799824	3621
GSM5417934_Swi5_lactis_rpt3.out.txt.gz	3001134	1798
GSM5417935_Dot6_lactis_rpt4.out.txt.gz	5457226	3291
GSM5417936_Tbs1_lactis_rpt3.out.txt.gz	1331592	1207
GSM5417937_Yhp1_lactis_rpt4.out.txt.gz	5126002	7672
GSM5417938_Upc2_lactis_rpt2.out.txt.gz	1806502	5820
GSM5417939_Yap7_lactis_rpt2.out.txt.gz	3707294	4215
GSM5417940_Nrg2_lactis_rpt3.out.txt.gz	624932	1216
GSM5417941_Mga2_dSPT23_rpt2.out.txt.gz	2492780	1349
GSM5417942_Yap7_dYAP5_rpt4.out.txt.gz	1390270	1084
GSM5417943_Yap7_lactis_rpt3.out.txt.gz	1204366	943
GSM5417944_Dot6_rpt3.out.txt.gz	1756026	1205
GSM5417945_Rlm1_rpt3.out.txt.gz	4690244	7532
GSM5417946_Dot6_rpt4.out.txt.gz	1965748	1488
GSM5417947_Rlm1_rpt4.out.txt.gz	1181240	1869
GSM5417948_Fkh2_lactis_rpt1.out.txt.gz	479174	517
GSM5417949_Fkh2_lactis_rpt2.out.txt.gz	320678	365
