set	expname	rep_i	rep_j	r_genome	r_peaks
Dot6/Tod6	Dot6	1	2	0.7636	0.9271
Dot6/Tod6	Dot6	1	3	0.7938	0.9011
Dot6/Tod6	Dot6	1	4	0.7975	0.8922
Dot6/Tod6	Dot6	2	3	0.8439	0.9203
Dot6/Tod6	Dot6	2	4	0.8482	0.8917
Dot6/Tod6	Dot6	3	4	0.9153	0.9651
Dot6/Tod6	Dot6	1	mean_of_others	0.8162	0.9318
Dot6/Tod6	Dot6	2	mean_of_others	0.8589	0.9391
Dot6/Tod6	Dot6	3	mean_of_others	0.9033	0.9592
Dot6/Tod6	Dot6	4	mean_of_others	0.9073	0.9414
Dot6/Tod6	Tod6	1	2	0.8639	0.9450
Dot6/Tod6	Tod6	1	mean_of_others	0.8639	0.9450
Dot6/Tod6	Tod6	2	mean_of_others	0.8639	0.9450
Dot6/Tod6	Dot6_Tod6_DBD	1	2	0.9356	0.9631
Dot6/Tod6	Dot6_Tod6_DBD	1	mean_of_others	0.9356	0.9631
Dot6/Tod6	Dot6_Tod6_DBD	2	mean_of_others	0.9356	0.9631
Dot6/Tod6	Tod6_Dot6_DBD	1	2	0.5263	0.5611
Dot6/Tod6	Tod6_Dot6_DBD	1	3	0.4301	0.4001
Dot6/Tod6	Tod6_Dot6_DBD	2	3	0.5294	0.7813
Dot6/Tod6	Tod6_Dot6_DBD	1	mean_of_others	0.5432	0.4933
Dot6/Tod6	Tod6_Dot6_DBD	2	mean_of_others	0.6213	0.7838
Dot6/Tod6	Tod6_Dot6_DBD	3	mean_of_others	0.5350	0.5902
Ecm22/Upc2	Ecm22	1	2	0.9000	0.9498
Ecm22/Upc2	Ecm22	1	mean_of_others	0.9000	0.9498
Ecm22/Upc2	Ecm22	2	mean_of_others	0.9000	0.9498
Ecm22/Upc2	Upc2	1	2	0.9178	0.9828
Ecm22/Upc2	Upc2	1	mean_of_others	0.9178	0.9828
Ecm22/Upc2	Upc2	2	mean_of_others	0.9178	0.9828
Ecm22/Upc2	Ecm22_Upc2_DBD	1	2	0.6365	0.8574
Ecm22/Upc2	Ecm22_Upc2_DBD	1	mean_of_others	0.6365	0.8574
Ecm22/Upc2	Ecm22_Upc2_DBD	2	mean_of_others	0.6365	0.8574
Ecm22/Upc2	Upc2_Ecm22_DBD	1	2	0.7716	0.9276
Ecm22/Upc2	Upc2_Ecm22_DBD	1	3	0.7521	0.8172
Ecm22/Upc2	Upc2_Ecm22_DBD	1	4	0.7986	0.8370
Ecm22/Upc2	Upc2_Ecm22_DBD	2	3	0.7989	0.8415
Ecm22/Upc2	Upc2_Ecm22_DBD	2	4	0.8527	0.8451
Ecm22/Upc2	Upc2_Ecm22_DBD	3	4	0.8750	0.9404
Ecm22/Upc2	Upc2_Ecm22_DBD	1	mean_of_others	0.8188	0.8954
Ecm22/Upc2	Upc2_Ecm22_DBD	2	mean_of_others	0.8625	0.9093
Ecm22/Upc2	Upc2_Ecm22_DBD	3	mean_of_others	0.8605	0.9158
Ecm22/Upc2	Upc2_Ecm22_DBD	4	mean_of_others	0.9072	0.9164
Fkh1/Fkh2	Fkh1	1	2	0.9285	0.9830
Fkh1/Fkh2	Fkh1	1	mean_of_others	0.9285	0.9830
Fkh1/Fkh2	Fkh1	2	mean_of_others	0.9285	0.9830
Fkh1/Fkh2	Fkh2	1	2	0.9332	0.9587
Fkh1/Fkh2	Fkh2	1	mean_of_others	0.9332	0.9587
Fkh1/Fkh2	Fkh2	2	mean_of_others	0.9332	0.9587
Fkh1/Fkh2	Fkh1_Fkh2_DBD	1	2	0.9500	0.9710
Fkh1/Fkh2	Fkh1_Fkh2_DBD	1	3	0.9421	0.9685
Fkh1/Fkh2	Fkh1_Fkh2_DBD	1	4	0.9416	0.9507
Fkh1/Fkh2	Fkh1_Fkh2_DBD	2	3	0.9322	0.9470
Fkh1/Fkh2	Fkh1_Fkh2_DBD	2	4	0.9290	0.9197
Fkh1/Fkh2	Fkh1_Fkh2_DBD	3	4	0.9366	0.9746
Fkh1/Fkh2	Fkh1_Fkh2_DBD	1	mean_of_others	0.9664	0.9807
Fkh1/Fkh2	Fkh1_Fkh2_DBD	2	mean_of_others	0.9562	0.9573
Fkh1/Fkh2	Fkh1_Fkh2_DBD	3	mean_of_others	0.9556	0.9810
Fkh1/Fkh2	Fkh1_Fkh2_DBD	4	mean_of_others	0.9539	0.9607
Fkh1/Fkh2	Fkh2_Fkh1_DBD	1	2	0.9090	0.9542
Fkh1/Fkh2	Fkh2_Fkh1_DBD	1	3	0.9483	0.9713
Fkh1/Fkh2	Fkh2_Fkh1_DBD	2	3	0.9027	0.9475
Fkh1/Fkh2	Fkh2_Fkh1_DBD	1	mean_of_others	0.9519	0.9763
Fkh1/Fkh2	Fkh2_Fkh1_DBD	2	mean_of_others	0.9176	0.9598
Fkh1/Fkh2	Fkh2_Fkh1_DBD	3	mean_of_others	0.9464	0.9730
Gis1/Rph1	Gis1	1	2	0.9469	0.9813
Gis1/Rph1	Gis1	1	mean_of_others	0.9469	0.9813
Gis1/Rph1	Gis1	2	mean_of_others	0.9469	0.9813
Gis1/Rph1	Rph1	1	2	0.9185	0.9773
Gis1/Rph1	Rph1	1	3	0.9107	0.9681
Gis1/Rph1	Rph1	2	3	0.9346	0.9729
Gis1/Rph1	Rph1	1	mean_of_others	0.9301	0.9795
Gis1/Rph1	Rph1	2	mean_of_others	0.9484	0.9833
Gis1/Rph1	Rph1	3	mean_of_others	0.9426	0.9761
Gis1/Rph1	Gis1_Rph1_DBD	1	2	0.9339	0.9465
Gis1/Rph1	Gis1_Rph1_DBD	1	3	0.9208	0.9294
Gis1/Rph1	Gis1_Rph1_DBD	1	4	0.9035	0.9178
Gis1/Rph1	Gis1_Rph1_DBD	2	3	0.9548	0.9715
Gis1/Rph1	Gis1_Rph1_DBD	2	4	0.9365	0.9559
Gis1/Rph1	Gis1_Rph1_DBD	3	4	0.9447	0.9766
Gis1/Rph1	Gis1_Rph1_DBD	1	mean_of_others	0.9374	0.9415
Gis1/Rph1	Gis1_Rph1_DBD	2	mean_of_others	0.9664	0.9760
Gis1/Rph1	Gis1_Rph1_DBD	3	mean_of_others	0.9622	0.9792
Gis1/Rph1	Gis1_Rph1_DBD	4	mean_of_others	0.9455	0.9667
Gis1/Rph1	Rph1_Gis1_DBD	1	2	0.8966	0.9124
Gis1/Rph1	Rph1_Gis1_DBD	1	3	0.8857	0.9117
Gis1/Rph1	Rph1_Gis1_DBD	1	4	0.8670	0.7124
Gis1/Rph1	Rph1_Gis1_DBD	2	3	0.9282	0.9567
Gis1/Rph1	Rph1_Gis1_DBD	2	4	0.9303	0.8492
Gis1/Rph1	Rph1_Gis1_DBD	3	4	0.9225	0.8756
Gis1/Rph1	Rph1_Gis1_DBD	1	mean_of_others	0.9048	0.8830
Gis1/Rph1	Rph1_Gis1_DBD	2	mean_of_others	0.9527	0.9638
Gis1/Rph1	Rph1_Gis1_DBD	3	mean_of_others	0.9431	0.9745
Gis1/Rph1	Rph1_Gis1_DBD	4	mean_of_others	0.9356	0.8338
Pdr8/Yrr1	Pdr8	1	2	0.7356	0.9239
Pdr8/Yrr1	Pdr8	1	mean_of_others	0.7356	0.9239
Pdr8/Yrr1	Pdr8	2	mean_of_others	0.7356	0.9239
Pdr8/Yrr1	Yrr1	1	2	0.7290	0.9566
Pdr8/Yrr1	Yrr1	1	mean_of_others	0.7290	0.9566
Pdr8/Yrr1	Yrr1	2	mean_of_others	0.7290	0.9566
Pdr8/Yrr1	Pdr8_Yrr1_DBD	1	2	0.6588	0.8053
Pdr8/Yrr1	Pdr8_Yrr1_DBD	1	3	0.7007	0.8400
Pdr8/Yrr1	Pdr8_Yrr1_DBD	2	3	0.6827	0.8685
Pdr8/Yrr1	Pdr8_Yrr1_DBD	1	mean_of_others	0.7405	0.8507
Pdr8/Yrr1	Pdr8_Yrr1_DBD	2	mean_of_others	0.7255	0.8725
Pdr8/Yrr1	Pdr8_Yrr1_DBD	3	mean_of_others	0.7608	0.8944
Pdr8/Yrr1	Yrr1_Pdr8_DBD	1	2	0.4843	0.7477
Pdr8/Yrr1	Yrr1_Pdr8_DBD	1	3	0.4879	0.7331
Pdr8/Yrr1	Yrr1_Pdr8_DBD	1	4	0.4653	0.7166
Pdr8/Yrr1	Yrr1_Pdr8_DBD	2	3	0.7246	0.8788
Pdr8/Yrr1	Yrr1_Pdr8_DBD	2	4	0.6895	0.8533
Pdr8/Yrr1	Yrr1_Pdr8_DBD	3	4	0.7396	0.9556
Pdr8/Yrr1	Yrr1_Pdr8_DBD	1	mean_of_others	0.5315	0.7611
Pdr8/Yrr1	Yrr1_Pdr8_DBD	2	mean_of_others	0.7145	0.8870
Pdr8/Yrr1	Yrr1_Pdr8_DBD	3	mean_of_others	0.7368	0.9301
Pdr8/Yrr1	Yrr1_Pdr8_DBD	4	mean_of_others	0.7042	0.9044
Vhr1/Vhr2	Vhr1	1	2	0.6779	0.9121
Vhr1/Vhr2	Vhr1	1	3	0.7121	0.9098
Vhr1/Vhr2	Vhr1	2	3	0.6458	0.8616
Vhr1/Vhr2	Vhr1	1	mean_of_others	0.7463	0.9456
Vhr1/Vhr2	Vhr1	2	mean_of_others	0.7056	0.9065
Vhr1/Vhr2	Vhr1	3	mean_of_others	0.7163	0.9052
Vhr1/Vhr2	Vhr2	1	2	0.4082	0.7399
Vhr1/Vhr2	Vhr2	1	3	0.4354	0.7347
Vhr1/Vhr2	Vhr2	2	3	0.5493	0.8580
Vhr1/Vhr2	Vhr2	1	mean_of_others	0.4667	0.7660
Vhr1/Vhr2	Vhr2	2	mean_of_others	0.5355	0.8713
Vhr1/Vhr2	Vhr2	3	mean_of_others	0.5543	0.8638
Vhr1/Vhr2	Vhr1_Vhr2_DBD	1	2	0.9445	0.9819
Vhr1/Vhr2	Vhr1_Vhr2_DBD	1	3	0.9291	0.9591
Vhr1/Vhr2	Vhr1_Vhr2_DBD	2	3	0.9369	0.9700
Vhr1/Vhr2	Vhr1_Vhr2_DBD	1	mean_of_others	0.9521	0.9788
Vhr1/Vhr2	Vhr1_Vhr2_DBD	2	mean_of_others	0.9572	0.9871
Vhr1/Vhr2	Vhr1_Vhr2_DBD	3	mean_of_others	0.9451	0.9687
Vhr1/Vhr2	Vhr2_Vhr1_DBD	1	2	0.8672	0.9495
Vhr1/Vhr2	Vhr2_Vhr1_DBD	1	3	0.8880	0.9535
Vhr1/Vhr2	Vhr2_Vhr1_DBD	2	3	0.8659	0.9646
Vhr1/Vhr2	Vhr2_Vhr1_DBD	1	mean_of_others	0.9085	0.9603
Vhr1/Vhr2	Vhr2_Vhr1_DBD	2	mean_of_others	0.8916	0.9693
Vhr1/Vhr2	Vhr2_Vhr1_DBD	3	mean_of_others	0.9075	0.9721
Yhp1/Yox1	Yhp1	1	2	0.8602	0.9748
Yhp1/Yox1	Yhp1	1	mean_of_others	0.8602	0.9748
Yhp1/Yox1	Yhp1	2	mean_of_others	0.8602	0.9748
Yhp1/Yox1	Yox1	1	2	0.9377	0.9742
Yhp1/Yox1	Yox1	1	mean_of_others	0.9377	0.9742
Yhp1/Yox1	Yox1	2	mean_of_others	0.9377	0.9742
Yhp1/Yox1	Yhp1_Yox1_DBD	1	2	0.5980	0.8263
Yhp1/Yox1	Yhp1_Yox1_DBD	1	mean_of_others	0.5980	0.8263
Yhp1/Yox1	Yhp1_Yox1_DBD	2	mean_of_others	0.5980	0.8263
Yhp1/Yox1	Yox1_Yhp1_DBD	1	2	0.8810	0.9312
Yhp1/Yox1	Yox1_Yhp1_DBD	1	3	0.8995	0.9084
Yhp1/Yox1	Yox1_Yhp1_DBD	2	3	0.8860	0.9257
Yhp1/Yox1	Yox1_Yhp1_DBD	1	mean_of_others	0.9158	0.9353
Yhp1/Yox1	Yox1_Yhp1_DBD	2	mean_of_others	0.9055	0.9530
Yhp1/Yox1	Yox1_Yhp1_DBD	3	mean_of_others	0.9201	0.9332
